biogrid_interaction_id	entrez_gene_id_for_interactor_a	entrez_gene_id_for_interactor_b	biogrid_id_for_interactor_a	biogrid_id_for_interactor_b	systematic_name_for_interactor_a	systematic_name_for_interactor_b	official_symbol_for_interactor_a	official_symbol_for_interactor_b	synonyms/aliases_for_interactor_a	synonyms/aliases_for_interactor_b	experimental_system_name	experimental_system_type	first_author_surname_of_the_publication_in_which_the_interaction_has_been_shown,_optionally_followed_by_additional_indicators,_e	pubmed_id_of_the_publication_in_which_the_interaction_has_been_shown	organism_id_for_interactor_a	organism_id_for_interactor_b	interaction_throughput	quantitative_score	post_translational_modification	phenotypes	qualifications	tags	source_database
245550	8202	2033	113841	108347	RP5-1049G16.3	RP1-85F18.1	NCOA3	EP300	ACTR|AIB-1|AIB1|CAGH16|CTG26|KAT13B|RAC3|SRC-3|SRC3|TNRC14|TNRC16|TRAM-1|bHLHe42|pCIP	KAT3B|RSTS2|p300	Affinity Capture-Western	physical	Pao GM (2000)	10655477	9606	9606	Low Throughput	-	-	-	-	-	BIOGRID
253760	9817	4780	115156	110852	-	-	KEAP1	NFE2L2	INrf2|KLHL19	NRF2	Reconstituted Complex	physical	Cullinan SB (2003)	14517290	9606	9606	Low Throughput	-	-	-	-	-	BIOGRID
259295	8805	8805	114333	114333	-	-	TRIM24	TRIM24	PTC6|RNF82|TF1A|TIF1|TIF1A|TIF1ALPHA|hTIF1	PTC6|RNF82|TF1A|TIF1|TIF1A|TIF1ALPHA|hTIF1	FRET	physical	Germain-Desprez D (2003)	12684500	9606	9606	Low Throughput	-	-	-	-	-	BIOGRID
262540	2033	2033	108347	108347	RP1-85F18.1	RP1-85F18.1	EP300	EP300	KAT3B|RSTS2|p300	KAT3B|RSTS2|p300	Biochemical Activity	physical	Kraus WL (1999)	10567538	9606	9606	Low Throughput	-	Acetylation	-	-	-	BIOGRID
263427	1387	4780	107777	110852	-	-	CREBBP	NFE2L2	CBP|KAT3A|RSTS	NRF2	Reconstituted Complex	physical	Katoh Y (2001)	11683914	9606	9606	Low Throughput	-	-	-	-	-	BIOGRID
263429	4780	1387	110852	107777	-	-	NFE2L2	CREBBP	NRF2	CBP|KAT3A|RSTS	Affinity Capture-Western	physical	Katoh Y (2001)	11683914	9606	9606	Low Throughput	-	-	-	-	-	BIOGRID
263481	1387	8648	107777	114200	-	-	CREBBP	NCOA1	CBP|KAT3A|RSTS	F-SRC-1|KAT13A|RIP160|SRC1|bHLHe42|bHLHe74	Two-hybrid	physical	Sheppard HM (2001)	11113179	9606	9606	Low Throughput	-	-	-	-	-	BIOGRID
263482	8648	1387	114200	107777	-	-	NCOA1	CREBBP	F-SRC-1|KAT13A|RIP160|SRC1|bHLHe42|bHLHe74	CBP|KAT3A|RSTS	Reconstituted Complex	physical	Sheppard HM (2001)	11113179	9606	9606	Low Throughput	-	-	-	-	-	BIOGRID
263483	1387	8648	107777	114200	-	-	CREBBP	NCOA1	CBP|KAT3A|RSTS	F-SRC-1|KAT13A|RIP160|SRC1|bHLHe42|bHLHe74	Reconstituted Complex	physical	Sheppard HM (2001)	11113179	9606	9606	Low Throughput	-	-	-	-	-	BIOGRID
274937	7975	4780	113688	110852	-	-	MAFK	NFE2L2	NFE2U|P18	NRF2	Reconstituted Complex	physical	Nguyen T (2000)	10747902	9606	9606	Low Throughput	-	-	-	-	-	BIOGRID
278688	81559	81559	123523	123523	-	-	TRIM11	TRIM11	BIA1|RNF92	BIA1|RNF92	Two-hybrid	physical	Reymond A (2001)	11331580	9606	9606	Low Throughput	-	-	-	-	-	BIOGRID
278691	8805	8805	114333	114333	-	-	TRIM24	TRIM24	PTC6|RNF82|TF1A|TIF1|TIF1A|TIF1ALPHA|hTIF1	PTC6|RNF82|TF1A|TIF1|TIF1A|TIF1ALPHA|hTIF1	Two-hybrid	physical	Reymond A (2001)	11331580	9606	9606	Low Throughput	-	-	-	-	-	BIOGRID
279856	571	571	107047	107047	-	-	BACH1	BACH1	BACH-1|BTBD24	BACH-1|BTBD24	Two-hybrid	physical	Oyake T (1996)	8887638	9606	9606	Low Throughput	-	-	-	-	-	BIOGRID
287901	8202	1387	113841	107777	RP5-1049G16.3	-	NCOA3	CREBBP	ACTR|AIB-1|AIB1|CAGH16|CTG26|KAT13B|RAC3|SRC-3|SRC3|TNRC14|TNRC16|TRAM-1|bHLHe42|pCIP	CBP|KAT3A|RSTS	Two-hybrid	physical	Naltner A (2000)	11076796	9606	9606	Low Throughput	-	-	-	-	-	BIOGRID
288397	5469	5469	111465	111465	-	-	MED1	MED1	CRSP1|CRSP200|DRIP205|DRIP230|PBP|PPARBP|PPARGBP|RB18A|TRAP220|TRIP2	CRSP1|CRSP200|DRIP205|DRIP230|PBP|PPARBP|PPARGBP|RB18A|TRAP220|TRIP2	Reconstituted Complex	physical	Drane P (1997)	9444950	9606	9606	Low Throughput	-	-	-	-	-	BIOGRID
304302	51592	51592	119625	119625	-	-	TRIM33	TRIM33	ECTO|PTC7|RFG7|TF1G|TIF1G|TIF1GAMMA|TIFGAMMA	ECTO|PTC7|RFG7|TF1G|TIF1G|TIF1GAMMA|TIFGAMMA	Reconstituted Complex	physical	Peng H (2002)	12096914	9606	9606	Low Throughput	-	-	-	-	-	BIOGRID
304303	8805	8805	114333	114333	-	-	TRIM24	TRIM24	PTC6|RNF82|TF1A|TIF1|TIF1A|TIF1ALPHA|hTIF1	PTC6|RNF82|TF1A|TIF1|TIF1A|TIF1ALPHA|hTIF1	Reconstituted Complex	physical	Peng H (2002)	12096914	9606	9606	Low Throughput	-	-	-	-	-	BIOGRID
304310	51592	8805	119625	114333	-	-	TRIM33	TRIM24	ECTO|PTC7|RFG7|TF1G|TIF1G|TIF1GAMMA|TIFGAMMA	PTC6|RNF82|TF1A|TIF1|TIF1A|TIF1ALPHA|hTIF1	Affinity Capture-Western	physical	Peng H (2002)	12096914	9606	9606	Low Throughput	-	-	-	-	-	BIOGRID
304311	8805	51592	114333	119625	-	-	TRIM24	TRIM33	PTC6|RNF82|TF1A|TIF1|TIF1A|TIF1ALPHA|hTIF1	ECTO|PTC7|RFG7|TF1G|TIF1G|TIF1GAMMA|TIFGAMMA	Affinity Capture-Western	physical	Peng H (2002)	12096914	9606	9606	Low Throughput	-	-	-	-	-	BIOGRID
304312	8805	51592	114333	119625	-	-	TRIM24	TRIM33	PTC6|RNF82|TF1A|TIF1|TIF1A|TIF1ALPHA|hTIF1	ECTO|PTC7|RFG7|TF1G|TIF1G|TIF1GAMMA|TIFGAMMA	Reconstituted Complex	physical	Peng H (2002)	12096914	9606	9606	Low Throughput	-	-	-	-	-	BIOGRID
304313	51592	8805	119625	114333	-	-	TRIM33	TRIM24	ECTO|PTC7|RFG7|TF1G|TIF1G|TIF1GAMMA|TIFGAMMA	PTC6|RNF82|TF1A|TIF1|TIF1A|TIF1ALPHA|hTIF1	Reconstituted Complex	physical	Peng H (2002)	12096914	9606	9606	Low Throughput	-	-	-	-	-	BIOGRID
314421	8648	10499	114200	115761	-	-	NCOA1	NCOA2	F-SRC-1|KAT13A|RIP160|SRC1|bHLHe42|bHLHe74	GRIP1|KAT13C|NCoA-2|SRC2|TIF2|bHLHe75	Affinity Capture-MS	physical	Wu RC (2002)	11971985	9606	9606	Low Throughput	-	-	-	-	-	BIOGRID
314422	8202	10499	113841	115761	RP5-1049G16.3	-	NCOA3	NCOA2	ACTR|AIB-1|AIB1|CAGH16|CTG26|KAT13B|RAC3|SRC-3|SRC3|TNRC14|TNRC16|TRAM-1|bHLHe42|pCIP	GRIP1|KAT13C|NCoA-2|SRC2|TIF2|bHLHe75	Affinity Capture-MS	physical	Wu RC (2002)	11971985	9606	9606	Low Throughput	-	-	-	-	-	BIOGRID
314423	8648	1387	114200	107777	-	-	NCOA1	CREBBP	F-SRC-1|KAT13A|RIP160|SRC1|bHLHe42|bHLHe74	CBP|KAT3A|RSTS	Affinity Capture-MS	physical	Wu RC (2002)	11971985	9606	9606	Low Throughput	-	-	-	-	-	BIOGRID
314425	8202	1387	113841	107777	RP5-1049G16.3	-	NCOA3	CREBBP	ACTR|AIB-1|AIB1|CAGH16|CTG26|KAT13B|RAC3|SRC-3|SRC3|TNRC14|TNRC16|TRAM-1|bHLHe42|pCIP	CBP|KAT3A|RSTS	Affinity Capture-MS	physical	Wu RC (2002)	11971985	9606	9606	Low Throughput	-	-	-	-	-	BIOGRID
314434	8202	1387	113841	107777	RP5-1049G16.3	-	NCOA3	CREBBP	ACTR|AIB-1|AIB1|CAGH16|CTG26|KAT13B|RAC3|SRC-3|SRC3|TNRC14|TNRC16|TRAM-1|bHLHe42|pCIP	CBP|KAT3A|RSTS	Co-fractionation	physical	Wu RC (2002)	11971985	9606	9606	Low Throughput	-	-	-	-	-	BIOGRID
314620	5469	9862	111465	115196	-	-	MED1	MED24	CRSP1|CRSP200|DRIP205|DRIP230|PBP|PPARBP|PPARGBP|RB18A|TRAP220|TRIP2	ARC100|CRSP100|CRSP4|DRIP100|THRAP4|TRAP100	Co-purification	physical	Yuan CX (1998)	9653119	9606	9606	Low Throughput	-	-	-	-	-	BIOGRID
316937	4097	4097	110272	110272	-	-	MAFG	MAFG	hMAF	hMAF	Reconstituted Complex	physical	Blank V (1997)	9166829	9606	9606	Low Throughput	-	-	-	-	-	BIOGRID
327569	9817	4780	115156	110852	-	-	KEAP1	NFE2L2	INrf2|KLHL19	NRF2	Affinity Capture-Western	physical	Shibata T (2008)	18757741	9606	9606	Low Throughput	-	-	-	-	-	BIOGRID
329724	9817	4780	115156	110852	-	-	KEAP1	NFE2L2	INrf2|KLHL19	NRF2	Affinity Capture-Western	physical	Wang XJ (2008)	18417180	9606	9606	Low Throughput	-	-	-	-	-	BIOGRID
336363	5469	9440	111465	114830	-	-	MED1	MED17	CRSP1|CRSP200|DRIP205|DRIP230|PBP|PPARBP|PPARGBP|RB18A|TRAP220|TRIP2	CRSP6|CRSP77|DRIP80|TRAP80	Affinity Capture-Western	physical	Zhang X (2005)	15989967	9606	9606	Low Throughput	-	-	-	-	-	BIOGRID
336373	5469	9282	111465	114699	-	-	MED1	MED14	CRSP1|CRSP200|DRIP205|DRIP230|PBP|PPARBP|PPARGBP|RB18A|TRAP220|TRIP2	CRSP150|CRSP2|CSRP|CXorf4|DRIP150|EXLM1|RGR1|TRAP170	Affinity Capture-MS	physical	Zhang X (2005)	15989967	9606	9606	Low Throughput	-	-	-	-	-	BIOGRID
336375	5469	9439	111465	114829	-	RP5-914N13.2	MED1	MED23	CRSP1|CRSP200|DRIP205|DRIP230|PBP|PPARBP|PPARGBP|RB18A|TRAP220|TRIP2	ARC130|CRSP130|CRSP133|CRSP3|DRIP130|MRT18|SUR-2|SUR2	Affinity Capture-MS	physical	Zhang X (2005)	15989967	9606	9606	Low Throughput	-	-	-	-	-	BIOGRID
336387	5469	9440	111465	114830	-	-	MED1	MED17	CRSP1|CRSP200|DRIP205|DRIP230|PBP|PPARBP|PPARGBP|RB18A|TRAP220|TRIP2	CRSP6|CRSP77|DRIP80|TRAP80	Affinity Capture-MS	physical	Zhang X (2005)	15989967	9606	9606	Low Throughput	-	-	-	-	-	BIOGRID
336388	5469	9862	111465	115196	-	-	MED1	MED24	CRSP1|CRSP200|DRIP205|DRIP230|PBP|PPARBP|PPARGBP|RB18A|TRAP220|TRIP2	ARC100|CRSP100|CRSP4|DRIP100|THRAP4|TRAP100	Affinity Capture-MS	physical	Zhang X (2005)	15989967	9606	9606	Low Throughput	-	-	-	-	-	BIOGRID
336408	5469	51586	111465	119623	-	-	MED1	MED15	CRSP1|CRSP200|DRIP205|DRIP230|PBP|PPARBP|PPARGBP|RB18A|TRAP220|TRIP2	ARC105|CAG7A|CTG7A|PCQAP|TIG-1|TIG1|TNRC7	Affinity Capture-Western	physical	Zhang X (2005)	15989967	9606	9606	Low Throughput	-	-	-	-	-	BIOGRID
336438	5469	5469	111465	111465	-	-	MED1	MED1	CRSP1|CRSP200|DRIP205|DRIP230|PBP|PPARBP|PPARGBP|RB18A|TRAP220|TRIP2	CRSP1|CRSP200|DRIP205|DRIP230|PBP|PPARBP|PPARGBP|RB18A|TRAP220|TRIP2	Affinity Capture-Western	physical	Zhang X (2005)	15989967	9606	9606	Low Throughput	-	-	-	-	-	BIOGRID
336441	5469	9862	111465	115196	-	-	MED1	MED24	CRSP1|CRSP200|DRIP205|DRIP230|PBP|PPARBP|PPARGBP|RB18A|TRAP220|TRIP2	ARC100|CRSP100|CRSP4|DRIP100|THRAP4|TRAP100	Affinity Capture-Western	physical	Zhang X (2005)	15989967	9606	9606	Low Throughput	-	-	-	-	-	BIOGRID
338344	9817	4780	115156	110852	-	-	KEAP1	NFE2L2	INrf2|KLHL19	NRF2	Affinity Capture-Western	physical	Nioi P (2007)	17822677	9606	9606	Low Throughput	-	-	-	-	-	BIOGRID
338531	1387	2033	107777	108347	-	RP1-85F18.1	CREBBP	EP300	CBP|KAT3A|RSTS	KAT3B|RSTS2|p300	Affinity Capture-Western	physical	Crusselle-Davis VJ (2007)	17970752	9606	9606	Low Throughput	-	-	-	-	-	BIOGRID
425344	9817	4780	115156	110852	-	-	KEAP1	NFE2L2	INrf2|KLHL19	NRF2	Affinity Capture-Western	physical	Tanigawa S (2007)	17462537	9606	9606	Low Throughput	-	-	-	-	-	BIOGRID
425345	4780	9817	110852	115156	-	-	NFE2L2	KEAP1	NRF2	INrf2|KLHL19	Affinity Capture-Western	physical	Tanigawa S (2007)	17462537	9606	9606	Low Throughput	-	-	-	-	-	BIOGRID
435396	1387	8202	107777	113841	-	RP5-1049G16.3	CREBBP	NCOA3	CBP|KAT3A|RSTS	ACTR|AIB-1|AIB1|CAGH16|CTG26|KAT13B|RAC3|SRC-3|SRC3|TNRC14|TNRC16|TRAM-1|bHLHe42|pCIP	Reconstituted Complex	physical	Kamei Y (1996)	8616895	9606	9606	Low Throughput	-	-	-	-	-	BIOGRID
435776	81559	51586	123523	119623	-	-	TRIM11	MED15	BIA1|RNF92	ARC105|CAG7A|CTG7A|PCQAP|TIG-1|TIG1|TNRC7	Affinity Capture-MS	physical	Ishikawa H (2006)	16904669	9606	9606	Low Throughput	-	-	-	-	-	BIOGRID
435777	51586	81559	119623	123523	-	-	MED15	TRIM11	ARC105|CAG7A|CTG7A|PCQAP|TIG-1|TIG1|TNRC7	BIA1|RNF92	Affinity Capture-Western	physical	Ishikawa H (2006)	16904669	9606	9606	Low Throughput	-	-	-	-	-	BIOGRID
435778	81559	51586	123523	119623	-	-	TRIM11	MED15	BIA1|RNF92	ARC105|CAG7A|CTG7A|PCQAP|TIG-1|TIG1|TNRC7	Affinity Capture-Western	physical	Ishikawa H (2006)	16904669	9606	9606	Low Throughput	-	-	-	-	-	BIOGRID
465280	9817	4780	115156	110852	-	-	KEAP1	NFE2L2	INrf2|KLHL19	NRF2	Affinity Capture-Western	physical	Hong F (2005)	15985429	9606	9606	Low Throughput	-	-	-	-	-	BIOGRID
468057	571	4097	107047	110272	-	-	BACH1	MAFG	BACH-1|BTBD24	hMAF	Affinity Capture-MS	physical	Dohi Y (2008)	19011633	9606	9606	Low Throughput	-	-	-	-	-	BIOGRID
468058	571	7975	107047	113688	-	-	BACH1	MAFK	BACH-1|BTBD24	NFE2U|P18	Affinity Capture-MS	physical	Dohi Y (2008)	19011633	9606	9606	Low Throughput	-	-	-	-	-	BIOGRID
468062	571	7975	107047	113688	-	-	BACH1	MAFK	BACH-1|BTBD24	NFE2U|P18	Affinity Capture-Western	physical	Dohi Y (2008)	19011633	9606	9606	Low Throughput	-	-	-	-	-	BIOGRID
468069	7975	571	113688	107047	-	-	MAFK	BACH1	NFE2U|P18	BACH-1|BTBD24	Reconstituted Complex	physical	Dohi Y (2008)	19011633	9606	9606	Low Throughput	-	-	-	-	-	BIOGRID
468281	2033	2033	108347	108347	RP1-85F18.1	RP1-85F18.1	EP300	EP300	KAT3B|RSTS2|p300	KAT3B|RSTS2|p300	Biochemical Activity	physical	Karanam B (2006)	17065153	9606	9606	Low Throughput	-	Acetylation	-	Autoacetylation	-	BIOGRID
468923	4780	8805	110852	114333	-	-	NFE2L2	TRIM24	NRF2	PTC6|RNF82|TF1A|TIF1|TIF1A|TIF1ALPHA|hTIF1	Two-hybrid	physical	Ravasi T (2010)	20211142	9606	9606	High Throughput	-	-	-	-	-	BIOGRID
470329	8202	1387	113841	107777	RP5-1049G16.3	-	NCOA3	CREBBP	ACTR|AIB-1|AIB1|CAGH16|CTG26|KAT13B|RAC3|SRC-3|SRC3|TNRC14|TNRC16|TRAM-1|bHLHe42|pCIP	CBP|KAT3A|RSTS	Co-fractionation	physical	Naeem H (2007)	17043108	9606	9606	Low Throughput	-	-	-	-	-	BIOGRID
470339	8202	1387	113841	107777	RP5-1049G16.3	-	NCOA3	CREBBP	ACTR|AIB-1|AIB1|CAGH16|CTG26|KAT13B|RAC3|SRC-3|SRC3|TNRC14|TNRC16|TRAM-1|bHLHe42|pCIP	CBP|KAT3A|RSTS	Co-purification	physical	Naeem H (2007)	17043108	9606	9606	Low Throughput	-	-	-	-	-	BIOGRID
470894	8202	2033	113841	108347	RP5-1049G16.3	RP1-85F18.1	NCOA3	EP300	ACTR|AIB-1|AIB1|CAGH16|CTG26|KAT13B|RAC3|SRC-3|SRC3|TNRC14|TNRC16|TRAM-1|bHLHe42|pCIP	KAT3B|RSTS2|p300	Affinity Capture-Western	physical	Feng Q (2006)	16923966	9606	9606	Low Throughput	-	-	-	-	-	BIOGRID
470932	4780	9817	110852	115156	-	-	NFE2L2	KEAP1	NRF2	INrf2|KLHL19	Affinity Capture-Western	physical	Furukawa M (2005)	15601839	9606	9606	Low Throughput	-	-	-	-	-	BIOGRID
470934	9817	4780	115156	110852	-	-	KEAP1	NFE2L2	INrf2|KLHL19	NRF2	Reconstituted Complex	physical	Furukawa M (2005)	15601839	9606	9606	Low Throughput	-	-	-	-	-	BIOGRID
486620	8202	2033	113841	108347	RP5-1049G16.3	RP1-85F18.1	NCOA3	EP300	ACTR|AIB-1|AIB1|CAGH16|CTG26|KAT13B|RAC3|SRC-3|SRC3|TNRC14|TNRC16|TRAM-1|bHLHe42|pCIP	KAT3B|RSTS2|p300	Reconstituted Complex	physical	Demarest SJ (2002)	11823864	9606	9606	Low Throughput	-	-	-	-	-	BIOGRID
486621	8202	2033	113841	108347	RP5-1049G16.3	RP1-85F18.1	NCOA3	EP300	ACTR|AIB-1|AIB1|CAGH16|CTG26|KAT13B|RAC3|SRC-3|SRC3|TNRC14|TNRC16|TRAM-1|bHLHe42|pCIP	KAT3B|RSTS2|p300	Co-crystal Structure	physical	Demarest SJ (2002)	11823864	9606	9606	Low Throughput	-	-	-	NMR	-	BIOGRID
502329	9817	4780	115156	110852	-	-	KEAP1	NFE2L2	INrf2|KLHL19	NRF2	Affinity Capture-Western	physical	Zhang DD (2003)	14585973	9606	9606	Low Throughput	-	-	-	-	-	BIOGRID
504640	1387	10499	107777	115761	-	-	CREBBP	NCOA2	CBP|KAT3A|RSTS	GRIP1|KAT13C|NCoA-2|SRC2|TIF2|bHLHe75	Reconstituted Complex	physical	Kindle KB (2005)	15657427	9606	9606	Low Throughput	-	-	-	-	-	BIOGRID
505156	1387	10629	107777	115873	-	-	CREBBP	TAF6L	CBP|KAT3A|RSTS	PAF65A	Reconstituted Complex	physical	Zeng L (2008)	18400184	9606	9606	Low Throughput	-	-	-	-	-	BIOGRID
505305	2033	1387	108347	107777	RP1-85F18.1	-	EP300	CREBBP	KAT3B|RSTS2|p300	CBP|KAT3A|RSTS	Affinity Capture-Western	physical	Dohda T (2004)	15598887	9606	9606	Low Throughput	-	-	-	-	-	BIOGRID
505306	1387	2033	107777	108347	-	RP1-85F18.1	CREBBP	EP300	CBP|KAT3A|RSTS	KAT3B|RSTS2|p300	Affinity Capture-Western	physical	Dohda T (2004)	15598887	9606	9606	Low Throughput	-	-	-	-	-	BIOGRID
506254	8648	8202	114200	113841	-	RP5-1049G16.3	NCOA1	NCOA3	F-SRC-1|KAT13A|RIP160|SRC1|bHLHe42|bHLHe74	ACTR|AIB-1|AIB1|CAGH16|CTG26|KAT13B|RAC3|SRC-3|SRC3|TNRC14|TNRC16|TRAM-1|bHLHe42|pCIP	Affinity Capture-Western	physical	Lodrini M (2008)	18267973	9606	9606	Low Throughput	-	-	-	-	-	BIOGRID
506255	10499	8202	115761	113841	-	RP5-1049G16.3	NCOA2	NCOA3	GRIP1|KAT13C|NCoA-2|SRC2|TIF2|bHLHe75	ACTR|AIB-1|AIB1|CAGH16|CTG26|KAT13B|RAC3|SRC-3|SRC3|TNRC14|TNRC16|TRAM-1|bHLHe42|pCIP	Affinity Capture-Western	physical	Lodrini M (2008)	18267973	9606	9606	Low Throughput	-	-	-	-	-	BIOGRID
506256	10499	8648	115761	114200	-	-	NCOA2	NCOA1	GRIP1|KAT13C|NCoA-2|SRC2|TIF2|bHLHe75	F-SRC-1|KAT13A|RIP160|SRC1|bHLHe42|bHLHe74	Affinity Capture-Western	physical	Lodrini M (2008)	18267973	9606	9606	Low Throughput	-	-	-	-	-	BIOGRID
506257	8202	10499	113841	115761	RP5-1049G16.3	-	NCOA3	NCOA2	ACTR|AIB-1|AIB1|CAGH16|CTG26|KAT13B|RAC3|SRC-3|SRC3|TNRC14|TNRC16|TRAM-1|bHLHe42|pCIP	GRIP1|KAT13C|NCoA-2|SRC2|TIF2|bHLHe75	Affinity Capture-Western	physical	Lodrini M (2008)	18267973	9606	9606	Low Throughput	-	-	-	-	-	BIOGRID
506258	8202	8648	113841	114200	RP5-1049G16.3	-	NCOA3	NCOA1	ACTR|AIB-1|AIB1|CAGH16|CTG26|KAT13B|RAC3|SRC-3|SRC3|TNRC14|TNRC16|TRAM-1|bHLHe42|pCIP	F-SRC-1|KAT13A|RIP160|SRC1|bHLHe42|bHLHe74	Affinity Capture-Western	physical	Lodrini M (2008)	18267973	9606	9606	Low Throughput	-	-	-	-	-	BIOGRID
506393	1387	4780	107777	110852	-	-	CREBBP	NFE2L2	CBP|KAT3A|RSTS	NRF2	Affinity Capture-Western	physical	Liu GH (2008)	18241676	9606	9606	Low Throughput	-	-	-	-	-	BIOGRID
506394	1387	7975	107777	113688	-	-	CREBBP	MAFK	CBP|KAT3A|RSTS	NFE2U|P18	Affinity Capture-Western	physical	Liu GH (2008)	18241676	9606	9606	Low Throughput	-	-	-	-	-	BIOGRID
506403	4780	1387	110852	107777	-	-	NFE2L2	CREBBP	NRF2	CBP|KAT3A|RSTS	Affinity Capture-Western	physical	Liu GH (2008)	18241676	9606	9606	Low Throughput	-	-	-	-	-	BIOGRID
513185	57492	8289	121559	113894	RP11-419L10.1	RP1-50O24.1	ARID1B	ARID1A	6A3-5|BAF250B|BRIGHT|DAN15|ELD/OSA1|MRD12|OSA2|P250R	B120|BAF250|BAF250a|BM029|C1orf4|ELD|MRD14|OSA1|P270|SMARCF1|hELD|hOSA1	Affinity Capture-Western	physical	Wang X (2004)	15170388	9606	9606	Low Throughput	-	-	-	-	-	BIOGRID
513550	2033	8202	108347	113841	RP1-85F18.1	RP5-1049G16.3	EP300	NCOA3	KAT3B|RSTS2|p300	ACTR|AIB-1|AIB1|CAGH16|CTG26|KAT13B|RAC3|SRC-3|SRC3|TNRC14|TNRC16|TRAM-1|bHLHe42|pCIP	Affinity Capture-Western	physical	Arimura A (2004)	15145939	9606	9606	Low Throughput	-	-	-	-	-	BIOGRID
516619	8648	10499	114200	115761	-	-	NCOA1	NCOA2	F-SRC-1|KAT13A|RIP160|SRC1|bHLHe42|bHLHe74	GRIP1|KAT13C|NCoA-2|SRC2|TIF2|bHLHe75	Co-purification	physical	McKenna NJ (1998)	9751728	9606	9606	Low Throughput	-	-	-	-	-	BIOGRID
519585	1387	8202	107777	113841	-	RP5-1049G16.3	CREBBP	NCOA3	CBP|KAT3A|RSTS	ACTR|AIB-1|AIB1|CAGH16|CTG26|KAT13B|RAC3|SRC-3|SRC3|TNRC14|TNRC16|TRAM-1|bHLHe42|pCIP	Reconstituted Complex	physical	Torchia J (1997)	9192892	9606	9606	Low Throughput	-	-	-	-	-	BIOGRID
519588	1387	8202	107777	113841	-	RP5-1049G16.3	CREBBP	NCOA3	CBP|KAT3A|RSTS	ACTR|AIB-1|AIB1|CAGH16|CTG26|KAT13B|RAC3|SRC-3|SRC3|TNRC14|TNRC16|TRAM-1|bHLHe42|pCIP	Affinity Capture-Western	physical	Torchia J (1997)	9192892	9606	9606	Low Throughput	-	-	-	-	-	BIOGRID
519589	1387	8648	107777	114200	-	-	CREBBP	NCOA1	CBP|KAT3A|RSTS	F-SRC-1|KAT13A|RIP160|SRC1|bHLHe42|bHLHe74	Affinity Capture-Western	physical	Torchia J (1997)	9192892	9606	9606	Low Throughput	-	-	-	-	-	BIOGRID
519590	8202	1387	113841	107777	RP5-1049G16.3	-	NCOA3	CREBBP	ACTR|AIB-1|AIB1|CAGH16|CTG26|KAT13B|RAC3|SRC-3|SRC3|TNRC14|TNRC16|TRAM-1|bHLHe42|pCIP	CBP|KAT3A|RSTS	Affinity Capture-Western	physical	Torchia J (1997)	9192892	9606	9606	Low Throughput	-	-	-	-	-	BIOGRID
519591	8648	1387	114200	107777	-	-	NCOA1	CREBBP	F-SRC-1|KAT13A|RIP160|SRC1|bHLHe42|bHLHe74	CBP|KAT3A|RSTS	Affinity Capture-Western	physical	Torchia J (1997)	9192892	9606	9606	Low Throughput	-	-	-	-	-	BIOGRID
519592	10499	1387	115761	107777	-	-	NCOA2	CREBBP	GRIP1|KAT13C|NCoA-2|SRC2|TIF2|bHLHe75	CBP|KAT3A|RSTS	Affinity Capture-Western	physical	Torchia J (1997)	9192892	9606	9606	Low Throughput	-	-	-	-	-	BIOGRID
519593	1387	8202	107777	113841	-	RP5-1049G16.3	CREBBP	NCOA3	CBP|KAT3A|RSTS	ACTR|AIB-1|AIB1|CAGH16|CTG26|KAT13B|RAC3|SRC-3|SRC3|TNRC14|TNRC16|TRAM-1|bHLHe42|pCIP	Two-hybrid	physical	Torchia J (1997)	9192892	9606	9606	Low Throughput	-	-	-	-	-	BIOGRID
519737	5469	9440	111465	114830	-	-	MED1	MED17	CRSP1|CRSP200|DRIP205|DRIP230|PBP|PPARBP|PPARGBP|RB18A|TRAP220|TRIP2	CRSP6|CRSP77|DRIP80|TRAP80	Affinity Capture-Western	physical	Liu X (2008)	17967894	9606	9606	Low Throughput	-	-	-	-	-	BIOGRID
520017	8648	2033	114200	108347	-	RP1-85F18.1	NCOA1	EP300	F-SRC-1|KAT13A|RIP160|SRC1|bHLHe42|bHLHe74	KAT3B|RSTS2|p300	Affinity Capture-Western	physical	Matsuda S (2004)	14722092	9606	9606	Low Throughput	-	-	-	-	-	BIOGRID
520018	1387	8648	107777	114200	-	-	CREBBP	NCOA1	CBP|KAT3A|RSTS	F-SRC-1|KAT13A|RIP160|SRC1|bHLHe42|bHLHe74	Reconstituted Complex	physical	Matsuda S (2004)	14722092	9606	9606	Low Throughput	-	-	-	-	-	BIOGRID
522051	2033	2033	108347	108347	RP1-85F18.1	RP1-85F18.1	EP300	EP300	KAT3B|RSTS2|p300	KAT3B|RSTS2|p300	Affinity Capture-Western	physical	Wang CC (2007)	17510411	9606	9606	Low Throughput	-	-	-	-	-	BIOGRID
544101	51592	51592	119625	119625	-	-	TRIM33	TRIM33	ECTO|PTC7|RFG7|TF1G|TIF1G|TIF1GAMMA|TIFGAMMA	ECTO|PTC7|RFG7|TF1G|TIF1G|TIF1GAMMA|TIFGAMMA	Affinity Capture-Western	physical	Bai X (2010)	20603019	9606	9606	Low Throughput	-	-	-	-	-	BIOGRID
554129	5469	9440	111465	114830	-	-	MED1	MED17	CRSP1|CRSP200|DRIP205|DRIP230|PBP|PPARBP|PPARGBP|RB18A|TRAP220|TRIP2	CRSP6|CRSP77|DRIP80|TRAP80	Affinity Capture-MS	physical	Malovannaya A (2010)	20133760	9606	9606	Low Throughput	-	-	-	-	-	BIOGRID
554130	5469	5469	111465	111465	-	-	MED1	MED1	CRSP1|CRSP200|DRIP205|DRIP230|PBP|PPARBP|PPARGBP|RB18A|TRAP220|TRIP2	CRSP1|CRSP200|DRIP205|DRIP230|PBP|PPARBP|PPARGBP|RB18A|TRAP220|TRIP2	Affinity Capture-MS	physical	Malovannaya A (2010)	20133760	9606	9606	Low Throughput	-	-	-	-	-	BIOGRID
554132	5469	9862	111465	115196	-	-	MED1	MED24	CRSP1|CRSP200|DRIP205|DRIP230|PBP|PPARBP|PPARGBP|RB18A|TRAP220|TRIP2	ARC100|CRSP100|CRSP4|DRIP100|THRAP4|TRAP100	Affinity Capture-MS	physical	Malovannaya A (2010)	20133760	9606	9606	Low Throughput	-	-	-	-	-	BIOGRID
554134	5469	9439	111465	114829	-	RP5-914N13.2	MED1	MED23	CRSP1|CRSP200|DRIP205|DRIP230|PBP|PPARBP|PPARGBP|RB18A|TRAP220|TRIP2	ARC130|CRSP130|CRSP133|CRSP3|DRIP130|MRT18|SUR-2|SUR2	Affinity Capture-MS	physical	Malovannaya A (2010)	20133760	9606	9606	Low Throughput	-	-	-	-	-	BIOGRID
554138	5469	51586	111465	119623	-	-	MED1	MED15	CRSP1|CRSP200|DRIP205|DRIP230|PBP|PPARBP|PPARGBP|RB18A|TRAP220|TRIP2	ARC105|CAG7A|CTG7A|PCQAP|TIG-1|TIG1|TNRC7	Affinity Capture-MS	physical	Malovannaya A (2010)	20133760	9606	9606	Low Throughput	-	-	-	-	-	BIOGRID
554140	5469	9282	111465	114699	-	-	MED1	MED14	CRSP1|CRSP200|DRIP205|DRIP230|PBP|PPARBP|PPARGBP|RB18A|TRAP220|TRIP2	CRSP150|CRSP2|CSRP|CXorf4|DRIP150|EXLM1|RGR1|TRAP170	Affinity Capture-MS	physical	Malovannaya A (2010)	20133760	9606	9606	Low Throughput	-	-	-	-	-	BIOGRID
555108	9817	9817	115156	115156	-	-	KEAP1	KEAP1	INrf2|KLHL19	INrf2|KLHL19	Affinity Capture-Western	physical	McMahon M (2006)	16790436	9606	9606	Low Throughput	-	-	-	-	-	BIOGRID
555110	9817	4780	115156	110852	-	-	KEAP1	NFE2L2	INrf2|KLHL19	NRF2	Affinity Capture-Western	physical	McMahon M (2006)	16790436	9606	9606	Low Throughput	-	-	-	-	-	BIOGRID
555423	571	4780	107047	110852	-	-	BACH1	NFE2L2	BACH-1|BTBD24	NRF2	Co-localization	physical	Dhakshinamoorthy S (2005)	15734732	9606	9606	Low Throughput	-	-	-	Overexpression of BACH decreased the amount of NRF2 localization to the NQO1 gene ARE region via CHIP competition assay	-	BIOGRID
555424	4780	571	110852	107047	-	-	NFE2L2	BACH1	NRF2	BACH-1|BTBD24	Co-localization	physical	Dhakshinamoorthy S (2005)	15734732	9606	9606	Low Throughput	-	-	-	Overexpression of Nrf2 decreased the amount of BACH1 localization to the NQO1 gene ARE region via CHIP competition assay	-	BIOGRID
558864	571	571	107047	107047	-	-	BACH1	BACH1	BACH-1|BTBD24	BACH-1|BTBD24	Affinity Capture-Western	physical	Kanezaki R (2001)	11069897	9606	9606	Low Throughput	-	-	-	-	-	BIOGRID
560411	9817	4780	115156	110852	-	-	KEAP1	NFE2L2	INrf2|KLHL19	NRF2	Affinity Capture-Western	physical	Ichikawa T (2009)	20027226	9606	9606	Low Throughput	-	-	-	-	-	BIOGRID
566650	5469	9282	111465	114699	-	-	MED1	MED14	CRSP1|CRSP200|DRIP205|DRIP230|PBP|PPARBP|PPARGBP|RB18A|TRAP220|TRIP2	CRSP150|CRSP2|CSRP|CXorf4|DRIP150|EXLM1|RGR1|TRAP170	Affinity Capture-MS	physical	Donner AJ (2010)	20098423	9606	9606	Low Throughput	-	-	-	-	-	BIOGRID
566651	5469	9439	111465	114829	-	RP5-914N13.2	MED1	MED23	CRSP1|CRSP200|DRIP205|DRIP230|PBP|PPARBP|PPARGBP|RB18A|TRAP220|TRIP2	ARC130|CRSP130|CRSP133|CRSP3|DRIP130|MRT18|SUR-2|SUR2	Affinity Capture-MS	physical	Donner AJ (2010)	20098423	9606	9606	Low Throughput	-	-	-	-	-	BIOGRID
566653	5469	51586	111465	119623	-	-	MED1	MED15	CRSP1|CRSP200|DRIP205|DRIP230|PBP|PPARBP|PPARGBP|RB18A|TRAP220|TRIP2	ARC105|CAG7A|CTG7A|PCQAP|TIG-1|TIG1|TNRC7	Affinity Capture-MS	physical	Donner AJ (2010)	20098423	9606	9606	Low Throughput	-	-	-	-	-	BIOGRID
566656	5469	9440	111465	114830	-	-	MED1	MED17	CRSP1|CRSP200|DRIP205|DRIP230|PBP|PPARBP|PPARGBP|RB18A|TRAP220|TRIP2	CRSP6|CRSP77|DRIP80|TRAP80	Affinity Capture-MS	physical	Donner AJ (2010)	20098423	9606	9606	Low Throughput	-	-	-	-	-	BIOGRID
566774	51586	5469	119623	111465	-	-	MED15	MED1	ARC105|CAG7A|CTG7A|PCQAP|TIG-1|TIG1|TNRC7	CRSP1|CRSP200|DRIP205|DRIP230|PBP|PPARBP|PPARGBP|RB18A|TRAP220|TRIP2	Affinity Capture-MS	physical	Mittler G (2003)	14657022	9606	9606	Low Throughput	-	-	-	-	-	BIOGRID
566775	51586	9282	119623	114699	-	-	MED15	MED14	ARC105|CAG7A|CTG7A|PCQAP|TIG-1|TIG1|TNRC7	CRSP150|CRSP2|CSRP|CXorf4|DRIP150|EXLM1|RGR1|TRAP170	Affinity Capture-MS	physical	Mittler G (2003)	14657022	9606	9606	Low Throughput	-	-	-	-	-	BIOGRID
566776	51586	9439	119623	114829	-	RP5-914N13.2	MED15	MED23	ARC105|CAG7A|CTG7A|PCQAP|TIG-1|TIG1|TNRC7	ARC130|CRSP130|CRSP133|CRSP3|DRIP130|MRT18|SUR-2|SUR2	Affinity Capture-MS	physical	Mittler G (2003)	14657022	9606	9606	Low Throughput	-	-	-	-	-	BIOGRID
566779	51586	9440	119623	114830	-	-	MED15	MED17	ARC105|CAG7A|CTG7A|PCQAP|TIG-1|TIG1|TNRC7	CRSP6|CRSP77|DRIP80|TRAP80	Affinity Capture-MS	physical	Mittler G (2003)	14657022	9606	9606	Low Throughput	-	-	-	-	-	BIOGRID
567789	9282	9439	114699	114829	-	RP5-914N13.2	MED14	MED23	CRSP150|CRSP2|CSRP|CXorf4|DRIP150|EXLM1|RGR1|TRAP170	ARC130|CRSP130|CRSP133|CRSP3|DRIP130|MRT18|SUR-2|SUR2	Affinity Capture-Western	physical	Ryu S (1999)	9989412	9606	9606	Low Throughput	-	-	-	-	-	BIOGRID
567791	9282	5469	114699	111465	-	-	MED14	MED1	CRSP150|CRSP2|CSRP|CXorf4|DRIP150|EXLM1|RGR1|TRAP170	CRSP1|CRSP200|DRIP205|DRIP230|PBP|PPARBP|PPARGBP|RB18A|TRAP220|TRIP2	Affinity Capture-Western	physical	Ryu S (1999)	9989412	9606	9606	Low Throughput	-	-	-	-	-	BIOGRID
567792	9282	9862	114699	115196	-	-	MED14	MED24	CRSP150|CRSP2|CSRP|CXorf4|DRIP150|EXLM1|RGR1|TRAP170	ARC100|CRSP100|CRSP4|DRIP100|THRAP4|TRAP100	Affinity Capture-Western	physical	Ryu S (1999)	9989412	9606	9606	Low Throughput	-	-	-	-	-	BIOGRID
567794	9282	9440	114699	114830	-	-	MED14	MED17	CRSP150|CRSP2|CSRP|CXorf4|DRIP150|EXLM1|RGR1|TRAP170	CRSP6|CRSP77|DRIP80|TRAP80	Affinity Capture-Western	physical	Ryu S (1999)	9989412	9606	9606	Low Throughput	-	-	-	-	-	BIOGRID
568882	9817	4780	115156	110852	-	-	KEAP1	NFE2L2	INrf2|KLHL19	NRF2	Affinity Capture-Western	physical	Wu JH (2010)	20486933	9606	9606	Low Throughput	-	-	-	-	-	BIOGRID
569091	9817	4780	115156	110852	-	-	KEAP1	NFE2L2	INrf2|KLHL19	NRF2	Reconstituted Complex	physical	Wong DP (2010)	20599909	9606	9606	Low Throughput	-	-	-	-	-	BIOGRID
569093	9817	9817	115156	115156	-	-	KEAP1	KEAP1	INrf2|KLHL19	INrf2|KLHL19	Reconstituted Complex	physical	Wong DP (2010)	20599909	9606	9606	Low Throughput	-	-	-	-	-	BIOGRID
569094	9817	4780	115156	110852	-	-	KEAP1	NFE2L2	INrf2|KLHL19	NRF2	Affinity Capture-Western	physical	Wong DP (2010)	20599909	9606	9606	Low Throughput	-	-	-	-	-	BIOGRID
569096	9817	9817	115156	115156	-	-	KEAP1	KEAP1	INrf2|KLHL19	INrf2|KLHL19	Affinity Capture-Western	physical	Wong DP (2010)	20599909	9606	9606	Low Throughput	-	-	-	-	-	BIOGRID
571485	1387	4780	107777	110852	-	-	CREBBP	NFE2L2	CBP|KAT3A|RSTS	NRF2	Biochemical Activity	physical	Sun Z (2009)	19273602	9606	9606	Low Throughput	-	Acetylation	-	-	-	BIOGRID
571488	1387	4780	107777	110852	-	-	CREBBP	NFE2L2	CBP|KAT3A|RSTS	NRF2	Affinity Capture-Western	physical	Sun Z (2009)	19273602	9606	9606	Low Throughput	-	-	-	-	-	BIOGRID
571489	4780	1387	110852	107777	-	-	NFE2L2	CREBBP	NRF2	CBP|KAT3A|RSTS	Reconstituted Complex	physical	Sun Z (2009)	19273602	9606	9606	Low Throughput	-	-	-	-	-	BIOGRID
589586	9817	4780	115156	110852	-	-	KEAP1	NFE2L2	INrf2|KLHL19	NRF2	Two-hybrid	physical	Yu M (2011)	21262351	9606	9606	High Throughput	-	-	-	-	-	BIOGRID
591519	9817	4780	115156	110852	-	-	KEAP1	NFE2L2	INrf2|KLHL19	NRF2	Co-localization	physical	Lau A (2010)	20421418	9606	9606	Low Throughput	-	-	-	overexpression of both keap1 and p62 can cause aggregation of Nrf2	-	BIOGRID
591527	9817	4780	115156	110852	-	-	KEAP1	NFE2L2	INrf2|KLHL19	NRF2	Affinity Capture-Western	physical	Lau A (2010)	20421418	9606	9606	Low Throughput	-	-	-	-	-	BIOGRID
604098	4780	9817	110852	115156	-	-	NFE2L2	KEAP1	NRF2	INrf2|KLHL19	Affinity Capture-Western	physical	Kay HY (2010)	20463144	9606	9606	Low Throughput	-	-	-	-	-	BIOGRID
604627	8202	1387	113841	107777	RP5-1049G16.3	-	NCOA3	CREBBP	ACTR|AIB-1|AIB1|CAGH16|CTG26|KAT13B|RAC3|SRC-3|SRC3|TNRC14|TNRC16|TRAM-1|bHLHe42|pCIP	CBP|KAT3A|RSTS	Reconstituted Complex	physical	Takeshita A (1997)	9346901	9606	9606	Low Throughput	-	-	-	-	-	BIOGRID
604699	8202	2033	113841	108347	RP5-1049G16.3	RP1-85F18.1	NCOA3	EP300	ACTR|AIB-1|AIB1|CAGH16|CTG26|KAT13B|RAC3|SRC-3|SRC3|TNRC14|TNRC16|TRAM-1|bHLHe42|pCIP	KAT3B|RSTS2|p300	Reconstituted Complex	physical	Font de Mora J (2000)	10866661	9606	9606	Low Throughput	-	-	-	-	-	BIOGRID
607071	10499	2033	115761	108347	-	RP1-85F18.1	NCOA2	EP300	GRIP1|KAT13C|NCoA-2|SRC2|TIF2|bHLHe75	KAT3B|RSTS2|p300	Affinity Capture-Western	physical	Askew EB (2010)	20448036	9606	9606	Low Throughput	-	-	-	-	-	BIOGRID
608617	1387	8202	107777	113841	-	RP5-1049G16.3	CREBBP	NCOA3	CBP|KAT3A|RSTS	ACTR|AIB-1|AIB1|CAGH16|CTG26|KAT13B|RAC3|SRC-3|SRC3|TNRC14|TNRC16|TRAM-1|bHLHe42|pCIP	Affinity Capture-Western	physical	Wu RC (2004)	15383283	9606	9606	Low Throughput	-	-	-	-	-	BIOGRID
608781	9817	4780	115156	110852	-	-	KEAP1	NFE2L2	INrf2|KLHL19	NRF2	Reconstituted Complex	physical	Sun Z (2011)	21383067	9606	9606	Low Throughput	-	-	-	-	-	BIOGRID
608784	9817	4780	115156	110852	-	-	KEAP1	NFE2L2	INrf2|KLHL19	NRF2	Affinity Capture-Western	physical	Sun Z (2011)	21383067	9606	9606	Low Throughput	-	-	-	-	-	BIOGRID
636033	8648	2033	114200	108347	-	RP1-85F18.1	NCOA1	EP300	F-SRC-1|KAT13A|RIP160|SRC1|bHLHe42|bHLHe74	KAT3B|RSTS2|p300	Co-localization	physical	Wang F (2010)	20368990	9606	9606	Low Throughput	-	-	-	ChIP	-	BIOGRID
636034	8202	2033	113841	108347	RP5-1049G16.3	RP1-85F18.1	NCOA3	EP300	ACTR|AIB-1|AIB1|CAGH16|CTG26|KAT13B|RAC3|SRC-3|SRC3|TNRC14|TNRC16|TRAM-1|bHLHe42|pCIP	KAT3B|RSTS2|p300	Co-localization	physical	Wang F (2010)	20368990	9606	9606	Low Throughput	-	-	-	ChIP	-	BIOGRID
656147	8202	1387	113841	107777	RP5-1049G16.3	-	NCOA3	CREBBP	ACTR|AIB-1|AIB1|CAGH16|CTG26|KAT13B|RAC3|SRC-3|SRC3|TNRC14|TNRC16|TRAM-1|bHLHe42|pCIP	CBP|KAT3A|RSTS	Affinity Capture-Western	physical	Corkery D (2011)	21914189	9606	9606	Low Throughput	-	-	-	-	-	BIOGRID
658576	8202	1387	113841	107777	RP5-1049G16.3	-	NCOA3	CREBBP	ACTR|AIB-1|AIB1|CAGH16|CTG26|KAT13B|RAC3|SRC-3|SRC3|TNRC14|TNRC16|TRAM-1|bHLHe42|pCIP	CBP|KAT3A|RSTS	Affinity Capture-Western	physical	Yi P (2005)	16227615	9606	9606	Low Throughput	-	-	-	figure 5B. om vivo pull down.	-	BIOGRID
658789	8202	2033	113841	108347	RP5-1049G16.3	RP1-85F18.1	NCOA3	EP300	ACTR|AIB-1|AIB1|CAGH16|CTG26|KAT13B|RAC3|SRC-3|SRC3|TNRC14|TNRC16|TRAM-1|bHLHe42|pCIP	KAT3B|RSTS2|p300	Two-hybrid	physical	Yi P (2005)	16227615	9606	9606	Low Throughput	-	-	-	figure 5A.	-	BIOGRID
674024	2033	2033	108347	108347	RP1-85F18.1	RP1-85F18.1	EP300	EP300	KAT3B|RSTS2|p300	KAT3B|RSTS2|p300	Biochemical Activity	physical	Popko-Scibor AE (2011)	22100894	9606	9606	Low Throughput	-	Acetylation	-	figure 1A.	-	BIOGRID
677935	9817	4780	115156	110852	-	-	KEAP1	NFE2L2	INrf2|KLHL19	NRF2	Affinity Capture-Western	physical	Li X (2004)	15475350	9606	9606	Low Throughput	-	-	-	-	-	BIOGRID
677936	9817	4780	115156	110852	-	-	KEAP1	NFE2L2	INrf2|KLHL19	NRF2	Reconstituted Complex	physical	Li X (2004)	15475350	9606	9606	Low Throughput	-	-	-	-	-	BIOGRID
685396	4780	9817	110852	115156	-	-	NFE2L2	KEAP1	NRF2	INrf2|KLHL19	Affinity Capture-Western	physical	Lo SC (2008)	18387606	9606	9606	Low Throughput	-	-	-	-	-	BIOGRID
692125	9817	4780	115156	110852	-	-	KEAP1	NFE2L2	INrf2|KLHL19	NRF2	Affinity Capture-Western	physical	Plafker KS (2010)	20484052	9606	9606	Low Throughput	-	-	-	Supplemental figure 3	-	BIOGRID
692128	4780	9817	110852	115156	-	-	NFE2L2	KEAP1	NRF2	INrf2|KLHL19	Affinity Capture-Western	physical	Plafker KS (2010)	20484052	9606	9606	Low Throughput	-	-	-	-	-	BIOGRID
695519	9817	4780	115156	110852	-	-	KEAP1	NFE2L2	INrf2|KLHL19	NRF2	Affinity Capture-Western	physical	Yao JW (2012)	22245129	9606	9606	Low Throughput	-	-	-	-	-	BIOGRID
695832	9817	4780	115156	110852	-	-	KEAP1	NFE2L2	INrf2|KLHL19	NRF2	Affinity Capture-Western	physical	Li Y (2012)	22558124	9606	9606	Low Throughput	-	-	-	-	-	BIOGRID
697327	9817	4780	115156	110852	-	-	KEAP1	NFE2L2	INrf2|KLHL19	NRF2	Reconstituted Complex	physical	Lo SC (2006)	16888629	9606	9606	Low Throughput	-	-	-	-	-	BIOGRID
697328	9817	4780	115156	110852	-	-	KEAP1	NFE2L2	INrf2|KLHL19	NRF2	Affinity Capture-Western	physical	Lo SC (2006)	16888629	9606	9606	Low Throughput	-	-	-	-	-	BIOGRID
697329	4780	9817	110852	115156	-	-	NFE2L2	KEAP1	NRF2	INrf2|KLHL19	Affinity Capture-Western	physical	Lo SC (2006)	16888629	9606	9606	Low Throughput	-	-	-	-	-	BIOGRID
697762	9817	4780	115156	110852	-	-	KEAP1	NFE2L2	INrf2|KLHL19	NRF2	Reconstituted Complex	physical	Eggler AL (2005)	16006525	9606	9606	Low Throughput	-	-	-	-	-	BIOGRID
715581	8648	8648	114200	114200	-	-	NCOA1	NCOA1	F-SRC-1|KAT13A|RIP160|SRC1|bHLHe42|bHLHe74	F-SRC-1|KAT13A|RIP160|SRC1|bHLHe42|bHLHe74	Affinity Capture-Western	physical	Eng FC (1998)	9774463	9606	9606	Low Throughput	-	-	-	-	-	BIOGRID
715583	8648	10499	114200	115761	-	-	NCOA1	NCOA2	F-SRC-1|KAT13A|RIP160|SRC1|bHLHe42|bHLHe74	GRIP1|KAT13C|NCoA-2|SRC2|TIF2|bHLHe75	Affinity Capture-Western	physical	Eng FC (1998)	9774463	9606	9606	Low Throughput	-	-	-	-	-	BIOGRID
715584	8648	8805	114200	114333	-	-	NCOA1	TRIM24	F-SRC-1|KAT13A|RIP160|SRC1|bHLHe42|bHLHe74	PTC6|RNF82|TF1A|TIF1|TIF1A|TIF1ALPHA|hTIF1	Affinity Capture-Western	physical	Eng FC (1998)	9774463	9606	9606	Low Throughput	-	-	-	-	-	BIOGRID
716207	9817	9817	115156	115156	-	-	KEAP1	KEAP1	INrf2|KLHL19	INrf2|KLHL19	Affinity Capture-Western	physical	Zipper LM (2002)	12145307	9606	9606	Low Throughput	-	-	-	-	-	BIOGRID
716208	4780	9817	110852	115156	-	-	NFE2L2	KEAP1	NRF2	INrf2|KLHL19	Affinity Capture-Western	physical	Zipper LM (2002)	12145307	9606	9606	Low Throughput	-	-	-	-	-	BIOGRID
717443	9817	4780	115156	110852	-	-	KEAP1	NFE2L2	INrf2|KLHL19	NRF2	Affinity Capture-Western	physical	Sekhar KR (2002)	11909699	9606	9606	Low Throughput	-	-	-	-	-	BIOGRID
721412	55689	26009	120815	117482	-	-	YEATS2	ZZZ3	-	ATAC1	Affinity Capture-MS	physical	Wang YL (2008)	18838386	9606	9606	Low Throughput	-	-	-	x	-	BIOGRID
728202	4780	9817	110852	115156	-	-	NFE2L2	KEAP1	NRF2	INrf2|KLHL19	Co-localization	physical	Seng S (2009)	18981988	9606	9606	Low Throughput	-	-	-	-	-	BIOGRID
740841	9282	5469	114699	111465	-	-	MED14	MED1	CRSP150|CRSP2|CSRP|CXorf4|DRIP150|EXLM1|RGR1|TRAP170	CRSP1|CRSP200|DRIP205|DRIP230|PBP|PPARBP|PPARGBP|RB18A|TRAP220|TRIP2	Co-fractionation	physical	Havugimana PC (2012)	22939629	9606	9606	High Throughput	0.885	-	-	Denoised score >= 0.75	-	BIOGRID
741065	5469	9862	111465	115196	-	-	MED1	MED24	CRSP1|CRSP200|DRIP205|DRIP230|PBP|PPARBP|PPARGBP|RB18A|TRAP220|TRIP2	ARC100|CRSP100|CRSP4|DRIP100|THRAP4|TRAP100	Co-fractionation	physical	Havugimana PC (2012)	22939629	9606	9606	High Throughput	0.85	-	-	Denoised score >= 0.75	-	BIOGRID
741258	9282	9440	114699	114830	-	-	MED14	MED17	CRSP150|CRSP2|CSRP|CXorf4|DRIP150|EXLM1|RGR1|TRAP170	CRSP6|CRSP77|DRIP80|TRAP80	Co-fractionation	physical	Havugimana PC (2012)	22939629	9606	9606	High Throughput	0.945	-	-	Denoised score >= 0.75	-	BIOGRID
741309	9282	9862	114699	115196	-	-	MED14	MED24	CRSP150|CRSP2|CSRP|CXorf4|DRIP150|EXLM1|RGR1|TRAP170	ARC100|CRSP100|CRSP4|DRIP100|THRAP4|TRAP100	Co-fractionation	physical	Havugimana PC (2012)	22939629	9606	9606	High Throughput	0.88	-	-	Denoised score >= 0.75	-	BIOGRID
741350	9440	9862	114830	115196	-	-	MED17	MED24	CRSP6|CRSP77|DRIP80|TRAP80	ARC100|CRSP100|CRSP4|DRIP100|THRAP4|TRAP100	Co-fractionation	physical	Havugimana PC (2012)	22939629	9606	9606	High Throughput	0.804	-	-	Denoised score >= 0.75	-	BIOGRID
741378	8289	57492	113894	121559	RP1-50O24.1	RP11-419L10.1	ARID1A	ARID1B	B120|BAF250|BAF250a|BM029|C1orf4|ELD|MRD14|OSA1|P270|SMARCF1|hELD|hOSA1	6A3-5|BAF250B|BRIGHT|DAN15|ELD/OSA1|MRD12|OSA2|P250R	Co-fractionation	physical	Havugimana PC (2012)	22939629	9606	9606	High Throughput	0.759	-	-	Denoised score >= 0.75	-	BIOGRID
797771	1387	10499	107777	115761	-	-	CREBBP	NCOA2	CBP|KAT3A|RSTS	GRIP1|KAT13C|NCoA-2|SRC2|TIF2|bHLHe75	Reconstituted Complex	physical	Voegel JJ (1998)	9430642	9606	9606	Low Throughput	-	-	-	-	-	BIOGRID
797772	1387	10499	107777	115761	-	-	CREBBP	NCOA2	CBP|KAT3A|RSTS	GRIP1|KAT13C|NCoA-2|SRC2|TIF2|bHLHe75	Two-hybrid	physical	Voegel JJ (1998)	9430642	9606	9606	Low Throughput	-	-	-	-	-	BIOGRID
811011	4780	4097	110852	110272	-	-	NFE2L2	MAFG	NRF2	hMAF	Co-localization	physical	Ramani K (2012)	22942279	9606	9606	Low Throughput	-	-	-	ChIP	-	BIOGRID
811012	4780	4097	110852	110272	-	-	NFE2L2	MAFG	NRF2	hMAF	Affinity Capture-Western	physical	Ramani K (2012)	22942279	9606	9606	Low Throughput	-	-	-	-	-	BIOGRID
813881	5469	5469	111465	111465	-	-	MED1	MED1	CRSP1|CRSP200|DRIP205|DRIP230|PBP|PPARBP|PPARGBP|RB18A|TRAP220|TRIP2	CRSP1|CRSP200|DRIP205|DRIP230|PBP|PPARBP|PPARGBP|RB18A|TRAP220|TRIP2	Affinity Capture-Western	physical	Davis MA (2013)	23322298	9606	9606	Low Throughput	-	-	-	E1, Cul1, E2-Ubch5	-	BIOGRID
817061	9817	4780	115156	110852	-	-	KEAP1	NFE2L2	INrf2|KLHL19	NRF2	Affinity Capture-Western	physical	Hast BE (2013)	23382044	9606	9606	Low Throughput	-	-	-	-	-	BIOGRID
824187	2033	10499	108347	115761	RP1-85F18.1	-	EP300	NCOA2	KAT3B|RSTS2|p300	GRIP1|KAT13C|NCoA-2|SRC2|TIF2|bHLHe75	Two-hybrid	physical	Hong H (1999)	9920895	9606	9606	Low Throughput	-	-	-	-	-	BIOGRID
856701	2033	2033	108347	108347	RP1-85F18.1	RP1-85F18.1	EP300	EP300	KAT3B|RSTS2|p300	KAT3B|RSTS2|p300	Biochemical Activity	physical	Fath DM (2006)	16543236	9606	9606	Low Throughput	-	Acetylation	-	-	-	BIOGRID
868629	2033	2033	108347	108347	RP1-85F18.1	RP1-85F18.1	EP300	EP300	KAT3B|RSTS2|p300	KAT3B|RSTS2|p300	Biochemical Activity	physical	Costanzo A (2002)	11804596	9606	9606	Low Throughput	-	Acetylation	-	-	-	BIOGRID
872432	9817	4780	115156	110852	-	-	KEAP1	NFE2L2	INrf2|KLHL19	NRF2	Co-crystal Structure	physical	Hoerer S (2013)	23722832	9606	9606	Low Throughput	-	-	-	-	-	BIOGRID
874431	9817	4780	115156	110852	-	-	KEAP1	NFE2L2	INrf2|KLHL19	NRF2	Affinity Capture-Western	physical	Baba K (2013)	23645672	9606	9606	Low Throughput	-	-	-	-	-	BIOGRID
878969	60468	4097	121913	110272	RP11-63K6.2	-	BACH2	MAFG	BTBD25	hMAF	FRET	physical	Reinke AW (2013)	23661758	9606	9606	High Throughput	-	-	-	-	-	BIOGRID
878971	571	4097	107047	110272	-	-	BACH1	MAFG	BACH-1|BTBD24	hMAF	FRET	physical	Reinke AW (2013)	23661758	9606	9606	High Throughput	-	-	-	-	-	BIOGRID
878982	4780	4097	110852	110272	-	-	NFE2L2	MAFG	NRF2	hMAF	FRET	physical	Reinke AW (2013)	23661758	9606	9606	High Throughput	-	-	-	-	-	BIOGRID
879002	4097	60468	110272	121913	-	RP11-63K6.2	MAFG	BACH2	hMAF	BTBD25	FRET	physical	Reinke AW (2013)	23661758	9606	9606	High Throughput	-	-	-	-	-	BIOGRID
879003	4097	571	110272	107047	-	-	MAFG	BACH1	hMAF	BACH-1|BTBD24	FRET	physical	Reinke AW (2013)	23661758	9606	9606	High Throughput	-	-	-	-	-	BIOGRID
879004	4097	4780	110272	110852	-	-	MAFG	NFE2L2	hMAF	NRF2	FRET	physical	Reinke AW (2013)	23661758	9606	9606	High Throughput	-	-	-	-	-	BIOGRID
879005	4097	4097	110272	110272	-	-	MAFG	MAFG	hMAF	hMAF	FRET	physical	Reinke AW (2013)	23661758	9606	9606	High Throughput	-	-	-	-	-	BIOGRID
893921	4097	4780	110272	110852	-	-	MAFG	NFE2L2	hMAF	NRF2	Two-hybrid	physical	Wang J (2011)	21988832	9606	9606	High Throughput	-	-	-	-	-	BIOGRID
893980	7975	4780	113688	110852	-	-	MAFK	NFE2L2	NFE2U|P18	NRF2	Two-hybrid	physical	Wang J (2011)	21988832	9606	9606	High Throughput	-	-	-	-	-	BIOGRID
893981	9817	4780	115156	110852	-	-	KEAP1	NFE2L2	INrf2|KLHL19	NRF2	Two-hybrid	physical	Wang J (2011)	21988832	9606	9606	High Throughput	-	-	-	-	-	BIOGRID
904537	9817	4780	115156	110852	-	-	KEAP1	NFE2L2	INrf2|KLHL19	NRF2	Affinity Capture-Western	physical	Ichimura Y (2013)	24011591	9606	9606	Low Throughput	-	-	-	-	-	BIOGRID
904583	9817	4780	115156	110852	-	-	KEAP1	NFE2L2	INrf2|KLHL19	NRF2	FRET	physical	Baird L (2013)	23986495	9606	9606	Low Throughput	-	-	-	-	-	BIOGRID
904586	4780	9817	110852	115156	-	-	NFE2L2	KEAP1	NRF2	INrf2|KLHL19	Affinity Capture-Western	physical	Baird L (2013)	23986495	9606	9606	Low Throughput	-	-	-	-	-	BIOGRID
914972	4097	4780	110272	110852	-	-	MAFG	NFE2L2	hMAF	NRF2	Affinity Capture-Western	physical	Wu T (2013)	24140708	9606	9606	Low Throughput	-	-	-	-	-	BIOGRID
918024	4780	9817	110852	115156	-	-	NFE2L2	KEAP1	NRF2	INrf2|KLHL19	Affinity Capture-Western	physical	Gorrini C (2013)	23857982	9606	9606	Low Throughput	-	-	-	-	-	BIOGRID
918080	9817	4780	115156	110852	-	-	KEAP1	NFE2L2	INrf2|KLHL19	NRF2	FRET	physical	Schaap M (2013)	24130096	9606	9606	Low Throughput	-	-	-	-	-	BIOGRID
932901	9817	4780	115156	110852	-	-	KEAP1	NFE2L2	INrf2|KLHL19	NRF2	Protein-peptide	physical	Jiang ZY (2014)	24512214	9606	9606	Low Throughput	-	-	-	-	-	BIOGRID
939277	9817	9817	115156	115156	-	-	KEAP1	KEAP1	INrf2|KLHL19	INrf2|KLHL19	Affinity Capture-Western	physical	Hast BE (2014)	24322982	9606	9606	Low Throughput	-	-	-	-	-	BIOGRID
939282	9817	4780	115156	110852	-	-	KEAP1	NFE2L2	INrf2|KLHL19	NRF2	Affinity Capture-Western	physical	Hast BE (2014)	24322982	9606	9606	Low Throughput	-	-	-	-	-	BIOGRID
939289	9817	4780	115156	110852	-	-	KEAP1	NFE2L2	INrf2|KLHL19	NRF2	Affinity Capture-MS	physical	Hast BE (2014)	24322982	9606	9606	Low Throughput	-	-	-	-	-	BIOGRID
939296	9817	9817	115156	115156	-	-	KEAP1	KEAP1	INrf2|KLHL19	INrf2|KLHL19	Affinity Capture-MS	physical	Hast BE (2014)	24322982	9606	9606	Low Throughput	-	-	-	-	-	BIOGRID
939297	9817	4780	115156	110852	-	-	KEAP1	NFE2L2	INrf2|KLHL19	NRF2	Biochemical Activity	physical	Hast BE (2014)	24322982	9606	9606	Low Throughput	-	Ubiquitination	-	UbcH5, CUL3-RBX1 used in reactions	-	BIOGRID
942399	4780	9817	110852	115156	-	-	NFE2L2	KEAP1	NRF2	INrf2|KLHL19	Affinity Capture-Western	physical	Qin S (2014)	24704364	9606	9606	Low Throughput	-	-	-	-	-	BIOGRID
942699	8805	51592	114333	119625	-	-	TRIM24	TRIM33	PTC6|RNF82|TF1A|TIF1|TIF1A|TIF1ALPHA|hTIF1	ECTO|PTC7|RFG7|TF1G|TIF1G|TIF1GAMMA|TIFGAMMA	Affinity Capture-Western	physical	Jain AK (2014)	24820418	9606	9606	Low Throughput	-	-	-	-	-	BIOGRID
948309	9817	4780	115156	110852	-	-	KEAP1	NFE2L2	INrf2|KLHL19	NRF2	Affinity Capture-Western	physical	Buommino E (2012)	23066931	9606	9606	Low Throughput	-	-	-	-	-	BIOGRID
948451	4097	4780	110272	110852	-	-	MAFG	NFE2L2	hMAF	NRF2	Affinity Capture-Western	physical	Okita Y (2013)	23737527	9606	9606	Low Throughput	-	-	-	-	-	BIOGRID
948452	7975	4780	113688	110852	-	-	MAFK	NFE2L2	NFE2U|P18	NRF2	Affinity Capture-Western	physical	Okita Y (2013)	23737527	9606	9606	Low Throughput	-	-	-	-	-	BIOGRID
1034543	9817	4780	115156	110852	-	-	KEAP1	NFE2L2	INrf2|KLHL19	NRF2	Biochemical Activity	physical	Camp ND (2012)	22215675	9606	9606	Low Throughput	-	Ubiquitination	-	-	-	BIOGRID
1035614	2033	2033	108347	108347	RP1-85F18.1	RP1-85F18.1	EP300	EP300	KAT3B|RSTS2|p300	KAT3B|RSTS2|p300	Biochemical Activity	physical	Shi D (2009)	19805293	9606	9606	Low Throughput	-	Ubiquitination	-	auto-ubiquitination	-	BIOGRID
1035615	1387	1387	107777	107777	-	-	CREBBP	CREBBP	CBP|KAT3A|RSTS	CBP|KAT3A|RSTS	Biochemical Activity	physical	Shi D (2009)	19805293	9606	9606	Low Throughput	-	Ubiquitination	-	auto-ubiquitination	-	BIOGRID
1053924	2033	2033	108347	108347	RP1-85F18.1	RP1-85F18.1	EP300	EP300	KAT3B|RSTS2|p300	KAT3B|RSTS2|p300	Biochemical Activity	physical	Kiernan RE (1999)	10545121	9606	9606	Low Throughput	-	Acetylation	-	Figure 1|autoacetylation	-	BIOGRID
1054412	2033	2033	108347	108347	RP1-85F18.1	RP1-85F18.1	EP300	EP300	KAT3B|RSTS2|p300	KAT3B|RSTS2|p300	Biochemical Activity	physical	Fu M (2000)	10779504	9606	9606	Low Throughput	-	Acetylation	-	Figure 2|autoacetylation	-	BIOGRID
1054526	1387	10499	107777	115761	-	-	CREBBP	NCOA2	CBP|KAT3A|RSTS	GRIP1|KAT13C|NCoA-2|SRC2|TIF2|bHLHe75	Reconstituted Complex	physical	Bavner A (2005)	15987788	9606	9606	Low Throughput	-	-	-	Figure 4	-	BIOGRID
1054592	2033	2033	108347	108347	RP1-85F18.1	RP1-85F18.1	EP300	EP300	KAT3B|RSTS2|p300	KAT3B|RSTS2|p300	Co-crystal Structure	physical	Delvecchio M (2013)	23934153	9606	9606	Low Throughput	-	-	-	dimer	-	BIOGRID
1054763	2033	8648	108347	114200	RP1-85F18.1	-	EP300	NCOA1	KAT3B|RSTS2|p300	F-SRC-1|KAT13A|RIP160|SRC1|bHLHe42|bHLHe74	Reconstituted Complex	physical	Kino T (2002)	12208951	9606	9606	Low Throughput	-	-	-	Figure 1b	-	BIOGRID
1054884	2033	8202	108347	113841	RP1-85F18.1	RP5-1049G16.3	EP300	NCOA3	KAT3B|RSTS2|p300	ACTR|AIB-1|AIB1|CAGH16|CTG26|KAT13B|RAC3|SRC-3|SRC3|TNRC14|TNRC16|TRAM-1|bHLHe42|pCIP	Biochemical Activity	physical	Chen H (1999)	10490106	9606	9606	Low Throughput	-	Acetylation	-	-	-	BIOGRID
1054885	2033	10499	108347	115761	RP1-85F18.1	-	EP300	NCOA2	KAT3B|RSTS2|p300	GRIP1|KAT13C|NCoA-2|SRC2|TIF2|bHLHe75	Biochemical Activity	physical	Chen H (1999)	10490106	9606	9606	Low Throughput	-	Acetylation	-	-	-	BIOGRID
1054887	2033	2033	108347	108347	RP1-85F18.1	RP1-85F18.1	EP300	EP300	KAT3B|RSTS2|p300	KAT3B|RSTS2|p300	Biochemical Activity	physical	Chen H (1999)	10490106	9606	9606	Low Throughput	-	Acetylation	-	-	-	BIOGRID
1055008	2033	2033	108347	108347	RP1-85F18.1	RP1-85F18.1	EP300	EP300	KAT3B|RSTS2|p300	KAT3B|RSTS2|p300	Biochemical Activity	physical	Vries RG (2001)	11689449	9606	9606	Low Throughput	-	Acetylation	-	Figure 4|autoacetylation	-	BIOGRID
1055106	2033	2033	108347	108347	RP1-85F18.1	RP1-85F18.1	EP300	EP300	KAT3B|RSTS2|p300	KAT3B|RSTS2|p300	Biochemical Activity	physical	Fu M (2005)	15951563	9606	9606	Low Throughput	-	Acetylation	-	Figure 9A	-	BIOGRID
1055200	2033	2033	108347	108347	RP1-85F18.1	RP1-85F18.1	EP300	EP300	KAT3B|RSTS2|p300	KAT3B|RSTS2|p300	Biochemical Activity	physical	Liu DX (2011)	21791614	9606	9606	Low Throughput	-	Acetylation	-	Figure 2	-	BIOGRID
1055982	2033	2033	108347	108347	RP1-85F18.1	RP1-85F18.1	EP300	EP300	KAT3B|RSTS2|p300	KAT3B|RSTS2|p300	Biochemical Activity	physical	Tang Z (2013)	23870121	9606	9606	Low Throughput	-	Acetylation	-	Figure S4	-	BIOGRID
1056053	2033	2033	108347	108347	RP1-85F18.1	RP1-85F18.1	EP300	EP300	KAT3B|RSTS2|p300	KAT3B|RSTS2|p300	Biochemical Activity	physical	Chan HM (2001)	11433299	9606	9606	Low Throughput	-	Acetylation	-	Figure 1c	-	BIOGRID
1056137	2033	2033	108347	108347	RP1-85F18.1	RP1-85F18.1	EP300	EP300	KAT3B|RSTS2|p300	KAT3B|RSTS2|p300	Biochemical Activity	physical	Thomas MC (2005)	15664194	9606	9606	Low Throughput	-	Acetylation	-	auto-acetylation	-	BIOGRID
1067606	9817	4780	115156	110852	-	-	KEAP1	NFE2L2	INrf2|KLHL19	NRF2	Biochemical Activity	physical	Zhang DD (2004)	15572695	9606	9606	Low Throughput	-	Ubiquitination	-	E2: UbcH5a|E3: Cul3/Rbx1/Keap1|Figure 3D	-	BIOGRID
1067609	9817	4780	115156	110852	-	-	KEAP1	NFE2L2	INrf2|KLHL19	NRF2	Biochemical Activity	physical	Furukawa M (2005)	15601839	9606	9606	Low Throughput	-	Ubiquitination	-	E2:Ube2d3|Figure 6	-	BIOGRID
1100570	9817	9817	115156	115156	-	-	KEAP1	KEAP1	INrf2|KLHL19	INrf2|KLHL19	Biochemical Activity	physical	Zhang DD (2005)	15983046	9606	9606	Low Throughput	-	Ubiquitination	-	E2: UBE2D1|auto-ubiquitination	-	BIOGRID
1172609	8648	1387	114200	107777	-	-	NCOA1	CREBBP	F-SRC-1|KAT13A|RIP160|SRC1|bHLHe42|bHLHe74	CBP|KAT3A|RSTS	Far Western	physical	DiRenzo J (2000)	11003650	9606	9606	Low Throughput	-	-	-	-	-	BIOGRID
1237975	9817	9817	115156	115156	-	-	KEAP1	KEAP1	INrf2|KLHL19	INrf2|KLHL19	Affinity Capture-Western	physical	Su C (2015)	25742418	9606	9606	Low Throughput	-	-	-	-	-	BIOGRID
1258811	57492	8289	121559	113894	RP11-419L10.1	RP1-50O24.1	ARID1B	ARID1A	6A3-5|BAF250B|BRIGHT|DAN15|ELD/OSA1|MRD12|OSA2|P250R	B120|BAF250|BAF250a|BM029|C1orf4|ELD|MRD14|OSA1|P270|SMARCF1|hELD|hOSA1	Co-fractionation	physical	Wan C (2015)	26344197	9606	9606	High Throughput	1.0	-	-	Fractionation was combined with mass spectrometry from five diverse animal species to predict co-complex protein interactions conserved across metazoa using an integrative computational scoring procedure along with an SVM approach. The significant data set of 16655 PPI, was derived from a set of more than 1M interactions by examining a ROC curve of predicted interactions against reference annotated complexes at a 67.5% cumulative precision.	-	BIOGRID
1264459	9282	5469	114699	111465	-	-	MED14	MED1	CRSP150|CRSP2|CSRP|CXorf4|DRIP150|EXLM1|RGR1|TRAP170	CRSP1|CRSP200|DRIP205|DRIP230|PBP|PPARBP|PPARGBP|RB18A|TRAP220|TRIP2	Co-fractionation	physical	Wan C (2015)	26344197	9606	9606	High Throughput	1.0	-	-	Fractionation was combined with mass spectrometry from five diverse animal species to predict co-complex protein interactions conserved across metazoa using an integrative computational scoring procedure along with an SVM approach. The significant data set of 16655 PPI, was derived from a set of more than 1M interactions by examining a ROC curve of predicted interactions against reference annotated complexes at a 67.5% cumulative precision.	-	BIOGRID
1264460	51586	5469	119623	111465	-	-	MED15	MED1	ARC105|CAG7A|CTG7A|PCQAP|TIG-1|TIG1|TNRC7	CRSP1|CRSP200|DRIP205|DRIP230|PBP|PPARBP|PPARGBP|RB18A|TRAP220|TRIP2	Co-fractionation	physical	Wan C (2015)	26344197	9606	9606	High Throughput	0.075463898	-	-	Fractionation was combined with mass spectrometry from five diverse animal species to predict co-complex protein interactions conserved across metazoa using an integrative computational scoring procedure along with an SVM approach. The significant data set of 16655 PPI, was derived from a set of more than 1M interactions by examining a ROC curve of predicted interactions against reference annotated complexes at a 67.5% cumulative precision.	-	BIOGRID
1264465	9862	5469	115196	111465	-	-	MED24	MED1	ARC100|CRSP100|CRSP4|DRIP100|THRAP4|TRAP100	CRSP1|CRSP200|DRIP205|DRIP230|PBP|PPARBP|PPARGBP|RB18A|TRAP220|TRIP2	Co-fractionation	physical	Wan C (2015)	26344197	9606	9606	High Throughput	1.0	-	-	Fractionation was combined with mass spectrometry from five diverse animal species to predict co-complex protein interactions conserved across metazoa using an integrative computational scoring procedure along with an SVM approach. The significant data set of 16655 PPI, was derived from a set of more than 1M interactions by examining a ROC curve of predicted interactions against reference annotated complexes at a 67.5% cumulative precision.	-	BIOGRID
1264507	51586	9282	119623	114699	-	-	MED15	MED14	ARC105|CAG7A|CTG7A|PCQAP|TIG-1|TIG1|TNRC7	CRSP150|CRSP2|CSRP|CXorf4|DRIP150|EXLM1|RGR1|TRAP170	Co-fractionation	physical	Wan C (2015)	26344197	9606	9606	High Throughput	0.730299507	-	-	Fractionation was combined with mass spectrometry from five diverse animal species to predict co-complex protein interactions conserved across metazoa using an integrative computational scoring procedure along with an SVM approach. The significant data set of 16655 PPI, was derived from a set of more than 1M interactions by examining a ROC curve of predicted interactions against reference annotated complexes at a 67.5% cumulative precision.	-	BIOGRID
1264511	9439	9282	114829	114699	RP5-914N13.2	-	MED23	MED14	ARC130|CRSP130|CRSP133|CRSP3|DRIP130|MRT18|SUR-2|SUR2	CRSP150|CRSP2|CSRP|CXorf4|DRIP150|EXLM1|RGR1|TRAP170	Co-fractionation	physical	Wan C (2015)	26344197	9606	9606	High Throughput	1.0	-	-	Fractionation was combined with mass spectrometry from five diverse animal species to predict co-complex protein interactions conserved across metazoa using an integrative computational scoring procedure along with an SVM approach. The significant data set of 16655 PPI, was derived from a set of more than 1M interactions by examining a ROC curve of predicted interactions against reference annotated complexes at a 67.5% cumulative precision.	-	BIOGRID
1264533	5469	9440	111465	114830	-	-	MED1	MED17	CRSP1|CRSP200|DRIP205|DRIP230|PBP|PPARBP|PPARGBP|RB18A|TRAP220|TRIP2	CRSP6|CRSP77|DRIP80|TRAP80	Co-fractionation	physical	Wan C (2015)	26344197	9606	9606	High Throughput	1.0	-	-	Fractionation was combined with mass spectrometry from five diverse animal species to predict co-complex protein interactions conserved across metazoa using an integrative computational scoring procedure along with an SVM approach. The significant data set of 16655 PPI, was derived from a set of more than 1M interactions by examining a ROC curve of predicted interactions against reference annotated complexes at a 67.5% cumulative precision.	-	BIOGRID
1264536	9282	9440	114699	114830	-	-	MED14	MED17	CRSP150|CRSP2|CSRP|CXorf4|DRIP150|EXLM1|RGR1|TRAP170	CRSP6|CRSP77|DRIP80|TRAP80	Co-fractionation	physical	Wan C (2015)	26344197	9606	9606	High Throughput	1.0	-	-	Fractionation was combined with mass spectrometry from five diverse animal species to predict co-complex protein interactions conserved across metazoa using an integrative computational scoring procedure along with an SVM approach. The significant data set of 16655 PPI, was derived from a set of more than 1M interactions by examining a ROC curve of predicted interactions against reference annotated complexes at a 67.5% cumulative precision.	-	BIOGRID
1264537	51586	9440	119623	114830	-	-	MED15	MED17	ARC105|CAG7A|CTG7A|PCQAP|TIG-1|TIG1|TNRC7	CRSP6|CRSP77|DRIP80|TRAP80	Co-fractionation	physical	Wan C (2015)	26344197	9606	9606	High Throughput	0.684946766	-	-	Fractionation was combined with mass spectrometry from five diverse animal species to predict co-complex protein interactions conserved across metazoa using an integrative computational scoring procedure along with an SVM approach. The significant data set of 16655 PPI, was derived from a set of more than 1M interactions by examining a ROC curve of predicted interactions against reference annotated complexes at a 67.5% cumulative precision.	-	BIOGRID
1264541	9862	9440	115196	114830	-	-	MED24	MED17	ARC100|CRSP100|CRSP4|DRIP100|THRAP4|TRAP100	CRSP6|CRSP77|DRIP80|TRAP80	Co-fractionation	physical	Wan C (2015)	26344197	9606	9606	High Throughput	1.0	-	-	Fractionation was combined with mass spectrometry from five diverse animal species to predict co-complex protein interactions conserved across metazoa using an integrative computational scoring procedure along with an SVM approach. The significant data set of 16655 PPI, was derived from a set of more than 1M interactions by examining a ROC curve of predicted interactions against reference annotated complexes at a 67.5% cumulative precision.	-	BIOGRID
1264569	9282	9862	114699	115196	-	-	MED14	MED24	CRSP150|CRSP2|CSRP|CXorf4|DRIP150|EXLM1|RGR1|TRAP170	ARC100|CRSP100|CRSP4|DRIP100|THRAP4|TRAP100	Co-fractionation	physical	Wan C (2015)	26344197	9606	9606	High Throughput	1.0	-	-	Fractionation was combined with mass spectrometry from five diverse animal species to predict co-complex protein interactions conserved across metazoa using an integrative computational scoring procedure along with an SVM approach. The significant data set of 16655 PPI, was derived from a set of more than 1M interactions by examining a ROC curve of predicted interactions against reference annotated complexes at a 67.5% cumulative precision.	-	BIOGRID
1264570	51586	9862	119623	115196	-	-	MED15	MED24	ARC105|CAG7A|CTG7A|PCQAP|TIG-1|TIG1|TNRC7	ARC100|CRSP100|CRSP4|DRIP100|THRAP4|TRAP100	Co-fractionation	physical	Wan C (2015)	26344197	9606	9606	High Throughput	0.341702643	-	-	Fractionation was combined with mass spectrometry from five diverse animal species to predict co-complex protein interactions conserved across metazoa using an integrative computational scoring procedure along with an SVM approach. The significant data set of 16655 PPI, was derived from a set of more than 1M interactions by examining a ROC curve of predicted interactions against reference annotated complexes at a 67.5% cumulative precision.	-	BIOGRID
1264574	9439	9862	114829	115196	RP5-914N13.2	-	MED23	MED24	ARC130|CRSP130|CRSP133|CRSP3|DRIP130|MRT18|SUR-2|SUR2	ARC100|CRSP100|CRSP4|DRIP100|THRAP4|TRAP100	Co-fractionation	physical	Wan C (2015)	26344197	9606	9606	High Throughput	1.0	-	-	Fractionation was combined with mass spectrometry from five diverse animal species to predict co-complex protein interactions conserved across metazoa using an integrative computational scoring procedure along with an SVM approach. The significant data set of 16655 PPI, was derived from a set of more than 1M interactions by examining a ROC curve of predicted interactions against reference annotated complexes at a 67.5% cumulative precision.	-	BIOGRID
1276613	8289	8648	113894	114200	RP1-50O24.1	-	ARID1A	NCOA1	B120|BAF250|BAF250a|BM029|C1orf4|ELD|MRD14|OSA1|P270|SMARCF1|hELD|hOSA1	F-SRC-1|KAT13A|RIP160|SRC1|bHLHe42|bHLHe74	Reconstituted Complex	physical	Flajollet S (2007)	17363140	9606	9606	Low Throughput	-	-	-	-	-	BIOGRID
1277702	8202	1387	113841	107777	RP5-1049G16.3	-	NCOA3	CREBBP	ACTR|AIB-1|AIB1|CAGH16|CTG26|KAT13B|RAC3|SRC-3|SRC3|TNRC14|TNRC16|TRAM-1|bHLHe42|pCIP	CBP|KAT3A|RSTS	Affinity Capture-Western	physical	Ceschin DG (2011)	21632823	9606	9606	Low Throughput	-	-	-	figure 3E.	-	BIOGRID
1277936	1387	8648	107777	114200	-	-	CREBBP	NCOA1	CBP|KAT3A|RSTS	F-SRC-1|KAT13A|RIP160|SRC1|bHLHe42|bHLHe74	Affinity Capture-Western	physical	Nakuci E (2006)	16860316	9606	9606	Low Throughput	-	-	-	-	-	BIOGRID
1278018	8648	2033	114200	108347	-	RP1-85F18.1	NCOA1	EP300	F-SRC-1|KAT13A|RIP160|SRC1|bHLHe42|bHLHe74	KAT3B|RSTS2|p300	Reconstituted Complex	physical	Nasrin N (2000)	10973497	9606	9606	Low Throughput	-	-	-	-	-	BIOGRID
1278045	8648	1387	114200	107777	-	-	NCOA1	CREBBP	F-SRC-1|KAT13A|RIP160|SRC1|bHLHe42|bHLHe74	CBP|KAT3A|RSTS	Affinity Capture-Western	physical	Ruas JL (2005)	15615775	9606	9606	Low Throughput	-	-	-	-	-	BIOGRID
1427868	9439	64319	114829	122132	RP5-914N13.2	-	MED23	FBRS	ARC130|CRSP130|CRSP133|CRSP3|DRIP130|MRT18|SUR-2|SUR2	FBS|FBS1	Proximity Label-MS	physical	Lambert JP (2015)	25281560	9606	9606	High Throughput	-	-	-	BioID	-	BIOGRID
1427882	9439	10499	114829	115761	RP5-914N13.2	-	MED23	NCOA2	ARC130|CRSP130|CRSP133|CRSP3|DRIP130|MRT18|SUR-2|SUR2	GRIP1|KAT13C|NCoA-2|SRC2|TIF2|bHLHe75	Proximity Label-MS	physical	Lambert JP (2015)	25281560	9606	9606	High Throughput	-	-	-	BioID	-	BIOGRID
1427892	9439	2033	114829	108347	RP5-914N13.2	RP1-85F18.1	MED23	EP300	ARC130|CRSP130|CRSP133|CRSP3|DRIP130|MRT18|SUR-2|SUR2	KAT3B|RSTS2|p300	Proximity Label-MS	physical	Lambert JP (2015)	25281560	9606	9606	High Throughput	-	-	-	BioID	-	BIOGRID
1427895	9439	9658	114829	115016	RP5-914N13.2	-	MED23	ZNF516	ARC130|CRSP130|CRSP133|CRSP3|DRIP130|MRT18|SUR-2|SUR2	HsT287	Proximity Label-MS	physical	Lambert JP (2015)	25281560	9606	9606	High Throughput	-	-	-	BioID	-	BIOGRID
1427897	9439	1387	114829	107777	RP5-914N13.2	-	MED23	CREBBP	ARC130|CRSP130|CRSP133|CRSP3|DRIP130|MRT18|SUR-2|SUR2	CBP|KAT3A|RSTS	Proximity Label-MS	physical	Lambert JP (2015)	25281560	9606	9606	High Throughput	-	-	-	BioID	-	BIOGRID
1427909	9439	9440	114829	114830	RP5-914N13.2	-	MED23	MED17	ARC130|CRSP130|CRSP133|CRSP3|DRIP130|MRT18|SUR-2|SUR2	CRSP6|CRSP77|DRIP80|TRAP80	Proximity Label-MS	physical	Lambert JP (2015)	25281560	9606	9606	High Throughput	-	-	-	BioID	-	BIOGRID
1427912	9439	10629	114829	115873	RP5-914N13.2	-	MED23	TAF6L	ARC130|CRSP130|CRSP133|CRSP3|DRIP130|MRT18|SUR-2|SUR2	PAF65A	Proximity Label-MS	physical	Lambert JP (2015)	25281560	9606	9606	High Throughput	-	-	-	BioID	-	BIOGRID
1427913	9439	9862	114829	115196	RP5-914N13.2	-	MED23	MED24	ARC130|CRSP130|CRSP133|CRSP3|DRIP130|MRT18|SUR-2|SUR2	ARC100|CRSP100|CRSP4|DRIP100|THRAP4|TRAP100	Proximity Label-MS	physical	Lambert JP (2015)	25281560	9606	9606	High Throughput	-	-	-	BioID	-	BIOGRID
1427914	9439	51586	114829	119623	RP5-914N13.2	-	MED23	MED15	ARC130|CRSP130|CRSP133|CRSP3|DRIP130|MRT18|SUR-2|SUR2	ARC105|CAG7A|CTG7A|PCQAP|TIG-1|TIG1|TNRC7	Proximity Label-MS	physical	Lambert JP (2015)	25281560	9606	9606	High Throughput	-	-	-	BioID	-	BIOGRID
1427918	9439	57634	114829	121676	RP5-914N13.2	-	MED23	EP400	ARC130|CRSP130|CRSP133|CRSP3|DRIP130|MRT18|SUR-2|SUR2	CAGH32|P400|TNRC12	Proximity Label-MS	physical	Lambert JP (2015)	25281560	9606	9606	High Throughput	-	-	-	BioID	-	BIOGRID
1427919	9439	9282	114829	114699	RP5-914N13.2	-	MED23	MED14	ARC130|CRSP130|CRSP133|CRSP3|DRIP130|MRT18|SUR-2|SUR2	CRSP150|CRSP2|CSRP|CXorf4|DRIP150|EXLM1|RGR1|TRAP170	Proximity Label-MS	physical	Lambert JP (2015)	25281560	9606	9606	High Throughput	-	-	-	BioID	-	BIOGRID
1427920	9439	5469	114829	111465	RP5-914N13.2	-	MED23	MED1	ARC130|CRSP130|CRSP133|CRSP3|DRIP130|MRT18|SUR-2|SUR2	CRSP1|CRSP200|DRIP205|DRIP230|PBP|PPARBP|PPARGBP|RB18A|TRAP220|TRIP2	Proximity Label-MS	physical	Lambert JP (2015)	25281560	9606	9606	High Throughput	-	-	-	BioID	-	BIOGRID
1428173	9439	9440	114829	114830	RP5-914N13.2	-	MED23	MED17	ARC130|CRSP130|CRSP133|CRSP3|DRIP130|MRT18|SUR-2|SUR2	CRSP6|CRSP77|DRIP80|TRAP80	Affinity Capture-MS	physical	Lambert JP (2015)	25281560	9606	9606	High Throughput	-	-	-	-	-	BIOGRID
1428175	9439	9658	114829	115016	RP5-914N13.2	-	MED23	ZNF516	ARC130|CRSP130|CRSP133|CRSP3|DRIP130|MRT18|SUR-2|SUR2	HsT287	Affinity Capture-MS	physical	Lambert JP (2015)	25281560	9606	9606	High Throughput	-	-	-	-	-	BIOGRID
1428188	9439	9282	114829	114699	RP5-914N13.2	-	MED23	MED14	ARC130|CRSP130|CRSP133|CRSP3|DRIP130|MRT18|SUR-2|SUR2	CRSP150|CRSP2|CSRP|CXorf4|DRIP150|EXLM1|RGR1|TRAP170	Affinity Capture-MS	physical	Lambert JP (2015)	25281560	9606	9606	High Throughput	-	-	-	-	-	BIOGRID
1428223	9439	64319	114829	122132	RP5-914N13.2	-	MED23	FBRS	ARC130|CRSP130|CRSP133|CRSP3|DRIP130|MRT18|SUR-2|SUR2	FBS|FBS1	Affinity Capture-MS	physical	Lambert JP (2015)	25281560	9606	9606	High Throughput	-	-	-	-	-	BIOGRID
1428224	9439	1387	114829	107777	RP5-914N13.2	-	MED23	CREBBP	ARC130|CRSP130|CRSP133|CRSP3|DRIP130|MRT18|SUR-2|SUR2	CBP|KAT3A|RSTS	Affinity Capture-MS	physical	Lambert JP (2015)	25281560	9606	9606	High Throughput	-	-	-	-	-	BIOGRID
1428230	9439	2033	114829	108347	RP5-914N13.2	RP1-85F18.1	MED23	EP300	ARC130|CRSP130|CRSP133|CRSP3|DRIP130|MRT18|SUR-2|SUR2	KAT3B|RSTS2|p300	Affinity Capture-MS	physical	Lambert JP (2015)	25281560	9606	9606	High Throughput	-	-	-	-	-	BIOGRID
1428241	9439	9862	114829	115196	RP5-914N13.2	-	MED23	MED24	ARC130|CRSP130|CRSP133|CRSP3|DRIP130|MRT18|SUR-2|SUR2	ARC100|CRSP100|CRSP4|DRIP100|THRAP4|TRAP100	Affinity Capture-MS	physical	Lambert JP (2015)	25281560	9606	9606	High Throughput	-	-	-	-	-	BIOGRID
1445367	571	4097	107047	110272	-	-	BACH1	MAFG	BACH-1|BTBD24	hMAF	Affinity Capture-MS	physical	Hein MY (2015)	26496610	9606	9606	High Throughput	-	-	-	interaction detected by quantitative BAC-GFP interactomics (QUBIC)	-	BIOGRID
1448356	571	7975	107047	113688	-	-	BACH1	MAFK	BACH-1|BTBD24	NFE2U|P18	Affinity Capture-MS	physical	Hein MY (2015)	26496610	9606	9606	High Throughput	-	-	-	interaction detected by quantitative BAC-GFP interactomics (QUBIC)	-	BIOGRID
1448875	51592	8805	119625	114333	-	-	TRIM33	TRIM24	ECTO|PTC7|RFG7|TF1G|TIF1G|TIF1GAMMA|TIFGAMMA	PTC6|RNF82|TF1A|TIF1|TIF1A|TIF1ALPHA|hTIF1	Affinity Capture-MS	physical	Hein MY (2015)	26496610	9606	9606	High Throughput	-	-	-	interaction detected by quantitative BAC-GFP interactomics (QUBIC)	-	BIOGRID
1508496	9817	4780	115156	110852	-	-	KEAP1	NFE2L2	INrf2|KLHL19	NRF2	Reconstituted Complex	physical	Khan H (2015)	25582950	9606	9606	Low Throughput	-	-	-	-	-	BIOGRID
1508976	4780	9817	110852	115156	-	-	NFE2L2	KEAP1	NRF2	INrf2|KLHL19	Affinity Capture-Western	physical	Huo L (2015)	25628777	9606	9606	Low Throughput	-	-	-	Figure 3	-	BIOGRID
1512357	4780	9817	110852	115156	-	-	NFE2L2	KEAP1	NRF2	INrf2|KLHL19	Affinity Capture-Western	physical	Foygel K (2015)	26536456	9606	9606	Low Throughput	-	-	-	Figure S2	-	BIOGRID
1521379	9817	4780	115156	110852	-	-	KEAP1	NFE2L2	INrf2|KLHL19	NRF2	Affinity Capture-Western	physical	Liu K (2015)	26078718	9606	9606	Low Throughput	-	-	-	-	-	BIOGRID
1521524	2033	8202	108347	113841	RP1-85F18.1	RP5-1049G16.3	EP300	NCOA3	KAT3B|RSTS2|p300	ACTR|AIB-1|AIB1|CAGH16|CTG26|KAT13B|RAC3|SRC-3|SRC3|TNRC14|TNRC16|TRAM-1|bHLHe42|pCIP	Affinity Capture-Western	physical	Yi P (2015)	25728767	9606	9606	Low Throughput	-	-	-	-	-	BIOGRID
1521525	8202	2033	113841	108347	RP5-1049G16.3	RP1-85F18.1	NCOA3	EP300	ACTR|AIB-1|AIB1|CAGH16|CTG26|KAT13B|RAC3|SRC-3|SRC3|TNRC14|TNRC16|TRAM-1|bHLHe42|pCIP	KAT3B|RSTS2|p300	Reconstituted Complex	physical	Yi P (2015)	25728767	9606	9606	Low Throughput	-	-	-	-	-	BIOGRID
1521902	9817	4780	115156	110852	-	-	KEAP1	NFE2L2	INrf2|KLHL19	NRF2	Affinity Capture-Western	physical	Lo SC (2006)	16449638	9606	9606	Low Throughput	-	-	-	-	-	BIOGRID
1526909	9817	9817	115156	115156	-	-	KEAP1	KEAP1	INrf2|KLHL19	INrf2|KLHL19	Affinity Capture-Western	physical	Chew EH (2007)	17254749	9606	9606	Low Throughput	-	-	-	-	-	BIOGRID
1527705	1387	8648	107777	114200	-	-	CREBBP	NCOA1	CBP|KAT3A|RSTS	F-SRC-1|KAT13A|RIP160|SRC1|bHLHe42|bHLHe74	Reconstituted Complex	physical	Huang SM (2002)	12163591	9606	9606	Low Throughput	-	-	-	-	-	BIOGRID
1534059	4780	9817	110852	115156	-	-	NFE2L2	KEAP1	NRF2	INrf2|KLHL19	Affinity Capture-Western	physical	Kim WD (2012)	22302998	9606	9606	Low Throughput	-	-	-	-	-	BIOGRID
1534064	4780	9817	110852	115156	-	-	NFE2L2	KEAP1	NRF2	INrf2|KLHL19	Reconstituted Complex	physical	Kim WD (2012)	22302998	9606	9606	Low Throughput	-	-	-	-	-	BIOGRID
1534066	9817	4780	115156	110852	-	-	KEAP1	NFE2L2	INrf2|KLHL19	NRF2	Reconstituted Complex	physical	Kim WD (2012)	22302998	9606	9606	Low Throughput	-	-	-	-	-	BIOGRID
2206702	9817	4780	115156	110852	-	-	KEAP1	NFE2L2	INrf2|KLHL19	NRF2	Affinity Capture-Western	physical	Zhang Y (2016)	27212020	9606	9606	Low Throughput	-	-	-	-	-	BIOGRID
2206703	4780	9817	110852	115156	-	-	NFE2L2	KEAP1	NRF2	INrf2|KLHL19	Affinity Capture-Western	physical	Zhang Y (2016)	27212020	9606	9606	Low Throughput	-	-	-	-	-	BIOGRID
2210516	9817	4780	115156	110852	-	-	KEAP1	NFE2L2	INrf2|KLHL19	NRF2	Affinity Capture-Western	physical	Wu G (2017)	28186440	9606	9606	Low Throughput	-	-	-	-	-	BIOGRID
2210603	9817	4780	115156	110852	-	-	KEAP1	NFE2L2	INrf2|KLHL19	NRF2	Reconstituted Complex	physical	Villeneuve NF (2013)	23727018	9606	9606	Low Throughput	-	-	-	-	-	BIOGRID
2210983	155061	155061	127574	127574	-	-	ZNF746	ZNF746	PARIS	PARIS	Affinity Capture-MS	physical	Kang H (2015)	25315684	9606	9606	High Throughput	-	-	-	-	-	BIOGRID
2219706	5469	9282	111465	114699	-	-	MED1	MED14	CRSP1|CRSP200|DRIP205|DRIP230|PBP|PPARBP|PPARGBP|RB18A|TRAP220|TRIP2	CRSP150|CRSP2|CSRP|CXorf4|DRIP150|EXLM1|RGR1|TRAP170	Affinity Capture-MS	physical	Huttlin EL (2017)	28514442	9606	9606	High Throughput	0.999999488	-	-	Quantitative scores are a modified CompPASS score derived from Sowa et al., Cell, 2009 (PMID 19615732). The cut-off threshold is > 0.75.	-	BIOGRID
2219768	5469	9862	111465	115196	-	-	MED1	MED24	CRSP1|CRSP200|DRIP205|DRIP230|PBP|PPARBP|PPARGBP|RB18A|TRAP220|TRIP2	ARC100|CRSP100|CRSP4|DRIP100|THRAP4|TRAP100	Affinity Capture-MS	physical	Huttlin EL (2017)	28514442	9606	9606	High Throughput	0.999999449	-	-	Quantitative scores are a modified CompPASS score derived from Sowa et al., Cell, 2009 (PMID 19615732). The cut-off threshold is > 0.75.	-	BIOGRID
2220560	5469	9440	111465	114830	-	-	MED1	MED17	CRSP1|CRSP200|DRIP205|DRIP230|PBP|PPARBP|PPARGBP|RB18A|TRAP220|TRIP2	CRSP6|CRSP77|DRIP80|TRAP80	Affinity Capture-MS	physical	Huttlin EL (2017)	28514442	9606	9606	High Throughput	0.999998769	-	-	Quantitative scores are a modified CompPASS score derived from Sowa et al., Cell, 2009 (PMID 19615732). The cut-off threshold is > 0.75.	-	BIOGRID
2224506	5469	9439	111465	114829	-	RP5-914N13.2	MED1	MED23	CRSP1|CRSP200|DRIP205|DRIP230|PBP|PPARBP|PPARGBP|RB18A|TRAP220|TRIP2	ARC130|CRSP130|CRSP133|CRSP3|DRIP130|MRT18|SUR-2|SUR2	Affinity Capture-MS	physical	Huttlin EL (2017)	28514442	9606	9606	High Throughput	0.999972108	-	-	Quantitative scores are a modified CompPASS score derived from Sowa et al., Cell, 2009 (PMID 19615732). The cut-off threshold is > 0.75.	-	BIOGRID
2224763	5469	51586	111465	119623	-	-	MED1	MED15	CRSP1|CRSP200|DRIP205|DRIP230|PBP|PPARBP|PPARGBP|RB18A|TRAP220|TRIP2	ARC105|CAG7A|CTG7A|PCQAP|TIG-1|TIG1|TNRC7	Affinity Capture-MS	physical	Huttlin EL (2017)	28514442	9606	9606	High Throughput	0.999967171	-	-	Quantitative scores are a modified CompPASS score derived from Sowa et al., Cell, 2009 (PMID 19615732). The cut-off threshold is > 0.75.	-	BIOGRID
2227804	571	4097	107047	110272	-	-	BACH1	MAFG	BACH-1|BTBD24	hMAF	Affinity Capture-MS	physical	Huttlin EL (2017)	28514442	9606	9606	High Throughput	0.999830337	-	-	Quantitative scores are a modified CompPASS score derived from Sowa et al., Cell, 2009 (PMID 19615732). The cut-off threshold is > 0.75.	-	BIOGRID
2244692	571	7975	107047	113688	-	-	BACH1	MAFK	BACH-1|BTBD24	NFE2U|P18	Affinity Capture-MS	physical	Huttlin EL (2017)	28514442	9606	9606	High Throughput	0.981037606	-	-	Quantitative scores are a modified CompPASS score derived from Sowa et al., Cell, 2009 (PMID 19615732). The cut-off threshold is > 0.75.	-	BIOGRID
2375633	4780	9817	110852	115156	-	-	NFE2L2	KEAP1	NRF2	INrf2|KLHL19	Affinity Capture-Western	physical	Ma J (2012)	22331464	9606	9606	Low Throughput	-	-	-	-	-	BIOGRID
2375639	9817	4780	115156	110852	-	-	KEAP1	NFE2L2	INrf2|KLHL19	NRF2	Affinity Capture-Western	physical	Ma J (2012)	22331464	9606	9606	Low Throughput	-	-	-	-	-	BIOGRID
2375640	9817	4780	115156	110852	-	-	KEAP1	NFE2L2	INrf2|KLHL19	NRF2	Reconstituted Complex	physical	Ma J (2012)	22331464	9606	9606	Low Throughput	-	-	-	-	-	BIOGRID
2376065	9817	4780	115156	110852	-	-	KEAP1	NFE2L2	INrf2|KLHL19	NRF2	Affinity Capture-Western	physical	Ge W (2017)	29033244	9606	9606	Low Throughput	-	-	-	-	-	BIOGRID
2376071	9817	4780	115156	110852	-	-	KEAP1	NFE2L2	INrf2|KLHL19	NRF2	Reconstituted Complex	physical	Ge W (2017)	29033244	9606	9606	Low Throughput	-	-	-	-	-	BIOGRID
2384057	4780	9817	110852	115156	-	-	NFE2L2	KEAP1	NRF2	INrf2|KLHL19	Reconstituted Complex	physical	Yoshizaki Y (2017)	28638054	9606	9606	Low Throughput	-	-	-	interaction assayed by fluorescence correlation spectroscopy (FCS)	-	BIOGRID
2384058	9817	4780	115156	110852	-	-	KEAP1	NFE2L2	INrf2|KLHL19	NRF2	Affinity Capture-Western	physical	Yoshizaki Y (2017)	28638054	9606	9606	Low Throughput	-	-	-	interaction assayed by fluorescence correlation spectroscopy (FCS)	-	BIOGRID
2385690	4780	9817	110852	115156	-	-	NFE2L2	KEAP1	NRF2	INrf2|KLHL19	FRET	physical	Quinti L (2017)	28533375	9606	9606	Low Throughput	-	-	-	interaction detected by FRET/fluorescence lifetime imaging microscopy (FLIM)	-	BIOGRID
2386119	9817	4780	115156	110852	-	-	KEAP1	NFE2L2	INrf2|KLHL19	NRF2	Affinity Capture-Western	physical	Wang Q (2017)	28534518	9606	9606	Low Throughput	-	-	-	-	-	BIOGRID
2389155	2033	2033	108347	108347	RP1-85F18.1	RP1-85F18.1	EP300	EP300	KAT3B|RSTS2|p300	KAT3B|RSTS2|p300	Biochemical Activity	physical	Yi P (2017)	28844863	9606	9606	Low Throughput	-	Acetylation	-	-	-	BIOGRID
2391510	2033	2033	108347	108347	RP1-85F18.1	RP1-85F18.1	EP300	EP300	KAT3B|RSTS2|p300	KAT3B|RSTS2|p300	Affinity Capture-Western	physical	Wan W (2017)	29033323	9606	9606	Low Throughput	-	-	-	-	-	BIOGRID
2391512	2033	2033	108347	108347	RP1-85F18.1	RP1-85F18.1	EP300	EP300	KAT3B|RSTS2|p300	KAT3B|RSTS2|p300	Biochemical Activity	physical	Wan W (2017)	29033323	9606	9606	Low Throughput	-	Acetylation	-	-	-	BIOGRID
2391513	2033	2033	108347	108347	RP1-85F18.1	RP1-85F18.1	EP300	EP300	KAT3B|RSTS2|p300	KAT3B|RSTS2|p300	Reconstituted Complex	physical	Wan W (2017)	29033323	9606	9606	Low Throughput	-	-	-	-	-	BIOGRID
2397089	4780	9817	110852	115156	-	-	NFE2L2	KEAP1	NRF2	INrf2|KLHL19	Affinity Capture-Western	physical	Ha Kim K (2017)	28939422	9606	9606	Low Throughput	-	-	-	-	-	BIOGRID
2399096	9817	4780	115156	110852	-	-	KEAP1	NFE2L2	INrf2|KLHL19	NRF2	Affinity Capture-Western	physical	Yang C (2016)	27091842	9606	9606	Low Throughput	-	-	-	-	-	BIOGRID
2446538	359948	359948	131797	131797	-	-	IRF2BP2	IRF2BP2	-	-	Affinity Capture-Western	physical	Yeung KT (2011)	21444724	9606	9606	Low Throughput	-	-	-	-	-	BIOGRID
2450217	9817	4780	115156	110852	-	-	KEAP1	NFE2L2	INrf2|KLHL19	NRF2	Affinity Capture-Western	physical	Mulvaney KM (2016)	27621311	9606	9606	Low Throughput	-	-	-	-	-	BIOGRID
2457865	5469	5469	111465	111465	-	-	MED1	MED1	CRSP1|CRSP200|DRIP205|DRIP230|PBP|PPARBP|PPARGBP|RB18A|TRAP220|TRIP2	CRSP1|CRSP200|DRIP205|DRIP230|PBP|PPARBP|PPARGBP|RB18A|TRAP220|TRIP2	Negative Genetic	genetic	Horlbeck MA (2018)	30033366	9606	9606	High Throughput	-3.126493266	-	Growth abnormality	CRISPR GI screen|Cell Line: K562 EFO:0002067/Jurkat EFO:0002796|Experimental Setup: Timecourse|GIST: A-phenotypic negative/positive genetic interaction|Interactions in this CRISPR interference (CRISPRi) analysis were considered to be significant when GI <= -3 (negative genetic interaction) or GI >= 3 (positive genetic interaction).|K562 cell line Replicate Average GI score = -3.126493266|Library: CRISPRi v1|Significance Threshold: (positive genetic interaction) 3<GI<-3 (negative genetic interaction)	-	BIOGRID
2457867	5469	9282	111465	114699	-	-	MED1	MED14	CRSP1|CRSP200|DRIP205|DRIP230|PBP|PPARBP|PPARGBP|RB18A|TRAP220|TRIP2	CRSP150|CRSP2|CSRP|CXorf4|DRIP150|EXLM1|RGR1|TRAP170	Negative Genetic	genetic	Horlbeck MA (2018)	30033366	9606	9606	High Throughput	-5.711306454	-	Growth abnormality	CRISPR GI screen|Cell Line: K562 EFO:0002067/Jurkat EFO:0002796|Experimental Setup: Timecourse|GIST: A-phenotypic negative/positive genetic interaction|Interactions in this CRISPR interference (CRISPRi) analysis were considered to be significant when GI <= -3 (negative genetic interaction) or GI >= 3 (positive genetic interaction).|Jurkat cell line Replicate Average GI score = -5.711306454|Library: CRISPRi v1|Significance Threshold: (positive genetic interaction) 3<GI<-3 (negative genetic interaction)	-	BIOGRID
2457868	5469	9439	111465	114829	-	RP5-914N13.2	MED1	MED23	CRSP1|CRSP200|DRIP205|DRIP230|PBP|PPARBP|PPARGBP|RB18A|TRAP220|TRIP2	ARC130|CRSP130|CRSP133|CRSP3|DRIP130|MRT18|SUR-2|SUR2	Negative Genetic	genetic	Horlbeck MA (2018)	30033366	9606	9606	High Throughput	-5.937458305	-	Growth abnormality	CRISPR GI screen|Cell Line: K562 EFO:0002067/Jurkat EFO:0002796|Experimental Setup: Timecourse|GIST: A-phenotypic negative/positive genetic interaction|Interactions in this CRISPR interference (CRISPRi) analysis were considered to be significant when GI <= -3 (negative genetic interaction) or GI >= 3 (positive genetic interaction).|Jurkat cell line Replicate Average GI score = -5.937458305|Library: CRISPRi v1|Significance Threshold: (positive genetic interaction) 3<GI<-3 (negative genetic interaction)	-	BIOGRID
2457869	5469	9862	111465	115196	-	-	MED1	MED24	CRSP1|CRSP200|DRIP205|DRIP230|PBP|PPARBP|PPARGBP|RB18A|TRAP220|TRIP2	ARC100|CRSP100|CRSP4|DRIP100|THRAP4|TRAP100	Negative Genetic	genetic	Horlbeck MA (2018)	30033366	9606	9606	High Throughput	-6.196983563	-	Growth abnormality	CRISPR GI screen|Cell Line: K562 EFO:0002067/Jurkat EFO:0002796|Experimental Setup: Timecourse|GIST: A-phenotypic negative/positive genetic interaction|Interactions in this CRISPR interference (CRISPRi) analysis were considered to be significant when GI <= -3 (negative genetic interaction) or GI >= 3 (positive genetic interaction).|Jurkat cell line Replicate Average GI score = -6.196983563|Library: CRISPRi v1|Significance Threshold: (positive genetic interaction) 3<GI<-3 (negative genetic interaction)	-	BIOGRID
2457884	9282	9282	114699	114699	-	-	MED14	MED14	CRSP150|CRSP2|CSRP|CXorf4|DRIP150|EXLM1|RGR1|TRAP170	CRSP150|CRSP2|CSRP|CXorf4|DRIP150|EXLM1|RGR1|TRAP170	Negative Genetic	genetic	Horlbeck MA (2018)	30033366	9606	9606	High Throughput	-7.334712503	-	Growth abnormality	CRISPR GI screen|Cell Line: K562 EFO:0002067/Jurkat EFO:0002796|Experimental Setup: Timecourse|GIST: A-phenotypic negative/positive genetic interaction|Interactions in this CRISPR interference (CRISPRi) analysis were considered to be significant when GI <= -3 (negative genetic interaction) or GI >= 3 (positive genetic interaction).|K562 cell line Replicate Average GI score = -7.334712503|Library: CRISPRi v1|Significance Threshold: (positive genetic interaction) 3<GI<-3 (negative genetic interaction)	-	BIOGRID
2457885	9282	9862	114699	115196	-	-	MED14	MED24	CRSP150|CRSP2|CSRP|CXorf4|DRIP150|EXLM1|RGR1|TRAP170	ARC100|CRSP100|CRSP4|DRIP100|THRAP4|TRAP100	Negative Genetic	genetic	Horlbeck MA (2018)	30033366	9606	9606	High Throughput	-4.060017973	-	Growth abnormality	CRISPR GI screen|Cell Line: K562 EFO:0002067/Jurkat EFO:0002796|Experimental Setup: Timecourse|GIST: A-phenotypic negative/positive genetic interaction|Interactions in this CRISPR interference (CRISPRi) analysis were considered to be significant when GI <= -3 (negative genetic interaction) or GI >= 3 (positive genetic interaction).|K562 cell line Replicate Average GI score = -4.060017973|Library: CRISPRi v1|Significance Threshold: (positive genetic interaction) 3<GI<-3 (negative genetic interaction)	-	BIOGRID
2457931	9862	9862	115196	115196	-	-	MED24	MED24	ARC100|CRSP100|CRSP4|DRIP100|THRAP4|TRAP100	ARC100|CRSP100|CRSP4|DRIP100|THRAP4|TRAP100	Positive Genetic	genetic	Horlbeck MA (2018)	30033366	9606	9606	High Throughput	5.08966412	-	Growth abnormality	CRISPR GI screen|Cell Line: K562 EFO:0002067/Jurkat EFO:0002796|Experimental Setup: Timecourse|GIST: A-phenotypic negative/positive genetic interaction|Interactions in this CRISPR interference (CRISPRi) analysis were considered to be significant when GI <= -3 (negative genetic interaction) or GI >= 3 (positive genetic interaction).|Jurkat cell line Replicate Average GI score = 5.08966412|Library: CRISPRi v1|Significance Threshold: (positive genetic interaction) 3<GI<-3 (negative genetic interaction)	-	BIOGRID
2460829	9817	4780	115156	110852	-	-	KEAP1	NFE2L2	INrf2|KLHL19	NRF2	Affinity Capture-MS	physical	Lu K (2017)	28416489	9606	9606	High Throughput	-	-	-	-	-	BIOGRID
2470690	9817	4780	115156	110852	-	-	KEAP1	NFE2L2	INrf2|KLHL19	NRF2	Affinity Capture-Western	physical	Wang Y (2017)	28617433	9606	9606	Low Throughput	-	-	-	-	-	BIOGRID
2484869	1387	1387	107777	107777	-	-	CREBBP	CREBBP	CBP|KAT3A|RSTS	CBP|KAT3A|RSTS	Biochemical Activity	physical	Park S (2017)	28630323	9606	9606	Low Throughput	-	Acetylation	-	auto-acetylation	-	BIOGRID
2515604	9817	4780	115156	110852	-	-	KEAP1	NFE2L2	INrf2|KLHL19	NRF2	Affinity Capture-Western	physical	Kim JH (2014)	24844779	9606	9606	Low Throughput	-	-	-	-	-	BIOGRID
2515606	4780	9817	110852	115156	-	-	NFE2L2	KEAP1	NRF2	INrf2|KLHL19	Affinity Capture-Western	physical	Kim JH (2014)	24844779	9606	9606	Low Throughput	-	-	-	-	-	BIOGRID
2516500	4780	9817	110852	115156	-	-	NFE2L2	KEAP1	NRF2	INrf2|KLHL19	FRET	physical	Zhou B (2018)	30473361	9606	9606	Low Throughput	-	-	-	-	-	BIOGRID
2516501	4780	9817	110852	115156	-	-	NFE2L2	KEAP1	NRF2	INrf2|KLHL19	PCA	physical	Zhou B (2018)	30473361	9606	9606	Low Throughput	-	-	-	BiFC	-	BIOGRID
2521673	9817	4780	115156	110852	-	-	KEAP1	NFE2L2	INrf2|KLHL19	NRF2	Affinity Capture-Western	physical	Tian W (2018)	29255090	9606	9606	Low Throughput	-	-	-	-	-	BIOGRID
2524925	81559	51586	123523	119623	-	-	TRIM11	MED15	BIA1|RNF92	ARC105|CAG7A|CTG7A|PCQAP|TIG-1|TIG1|TNRC7	Affinity Capture-MS	physical	Chen L (2018)	29581427	9606	9606	High Throughput	-	-	-	-	-	BIOGRID
2532644	4780	9817	110852	115156	-	-	NFE2L2	KEAP1	NRF2	INrf2|KLHL19	Protein-peptide	physical	Richardson BG (2018)	30122040	9606	9606	Low Throughput	-	-	-	-	-	BIOGRID
2537647	9282	9440	114699	114830	-	-	MED14	MED17	CRSP150|CRSP2|CSRP|CXorf4|DRIP150|EXLM1|RGR1|TRAP170	CRSP6|CRSP77|DRIP80|TRAP80	Negative Genetic	genetic	Du D (2017)	28481362	9606	9606	High Throughput	-3.807055	-	Growth abnormality	CRISPR GI screen|Cell Line: HEK293 (EFO:0001182)|Experimental Setup: Timecourse|GIST: A-phenotypic negative genetic interaction|Library: Targeted 107 gene chromatin regulation CRISPRi library|Significance Threshold: S score < -1	-	BIOGRID
2537895	9282	51586	114699	119623	-	-	MED14	MED15	CRSP150|CRSP2|CSRP|CXorf4|DRIP150|EXLM1|RGR1|TRAP170	ARC105|CAG7A|CTG7A|PCQAP|TIG-1|TIG1|TNRC7	Positive Genetic	genetic	Du D (2017)	28481362	9606	9606	High Throughput	3.315494	-	Growth abnormality	CRISPR GI screen|Cell Line: HEK293 (EFO:0001182)|Experimental Setup: Timecourse|GIST: A-phenotypic positive genetic interaction|Library: Targeted 107 gene chromatin regulation CRISPRi library|Significance Threshold: S score >2.5	-	BIOGRID
2542439	9817	4780	115156	110852	-	-	KEAP1	NFE2L2	INrf2|KLHL19	NRF2	Affinity Capture-Western	physical	Cloer EW (2018)	30126895	9606	9606	Low Throughput	-	-	-	-	-	BIOGRID
2542440	9817	4780	115156	110852	-	-	KEAP1	NFE2L2	INrf2|KLHL19	NRF2	Co-localization	physical	Cloer EW (2018)	30126895	9606	9606	Low Throughput	-	-	-	Proximity Ligation Assay	-	BIOGRID
2542441	9817	4780	115156	110852	-	-	KEAP1	NFE2L2	INrf2|KLHL19	NRF2	Proximity Label-MS	physical	Cloer EW (2018)	30126895	9606	9606	High Throughput	-	-	-	-	-	BIOGRID
2542447	9817	9817	115156	115156	-	-	KEAP1	KEAP1	INrf2|KLHL19	INrf2|KLHL19	Affinity Capture-Western	physical	Cloer EW (2018)	30126895	9606	9606	Low Throughput	-	-	-	-	-	BIOGRID
2563217	4780	9817	110852	115156	-	-	NFE2L2	KEAP1	NRF2	INrf2|KLHL19	Affinity Capture-Western	physical	Park JM (2018)	29423025	9606	9606	Low Throughput	-	-	-	-	-	BIOGRID
2595626	2033	2033	108347	108347	RP1-85F18.1	RP1-85F18.1	EP300	EP300	KAT3B|RSTS2|p300	KAT3B|RSTS2|p300	Biochemical Activity	physical	Kaypee S (2018)	29746960	9606	9606	Low Throughput	-	Acetylation	-	-	-	BIOGRID
2596467	571	7975	107047	113688	-	-	BACH1	MAFK	BACH-1|BTBD24	NFE2U|P18	Affinity Capture-Western	physical	Li J (2018)	29459360	9606	9606	Low Throughput	-	-	-	-	-	BIOGRID
2596468	60468	7975	121913	113688	RP11-63K6.2	-	BACH2	MAFK	BTBD25	NFE2U|P18	Affinity Capture-Western	physical	Li J (2018)	29459360	9606	9606	Low Throughput	-	-	-	-	-	BIOGRID
2600013	4097	571	110272	107047	-	-	MAFG	BACH1	hMAF	BACH-1|BTBD24	Affinity Capture-Western	physical	Fang M (2014)	25219500	9606	9606	Low Throughput	-	-	-	-	-	BIOGRID
2600016	571	4097	107047	110272	-	-	BACH1	MAFG	BACH-1|BTBD24	hMAF	Affinity Capture-Western	physical	Fang M (2014)	25219500	9606	9606	Low Throughput	-	-	-	-	-	BIOGRID
2600990	9817	9817	115156	115156	-	-	KEAP1	KEAP1	INrf2|KLHL19	INrf2|KLHL19	Affinity Capture-Western	physical	Bollong MJ (2018)	30323285	9606	9606	Low Throughput	-	-	-	-	-	BIOGRID
2609127	8805	51592	114333	119625	-	-	TRIM24	TRIM33	PTC6|RNF82|TF1A|TIF1|TIF1A|TIF1ALPHA|hTIF1	ECTO|PTC7|RFG7|TF1G|TIF1G|TIF1GAMMA|TIFGAMMA	Affinity Capture-MS	physical	Fong KW (2018)	30479348	9606	9606	High Throughput	-	-	-	-	-	BIOGRID
2610097	571	7975	107047	113688	-	-	BACH1	MAFK	BACH-1|BTBD24	NFE2U|P18	Affinity Capture-Western	physical	Nishizawa H (2012)	22348305	9606	9606	Low Throughput	-	-	-	-	-	BIOGRID
2616454	4780	9817	110852	115156	-	-	NFE2L2	KEAP1	NRF2	INrf2|KLHL19	Affinity Capture-Western	physical	Zhang Q (2019)	30778200	9606	9606	Low Throughput	-	-	-	-	-	BIOGRID
2618572	4780	9817	110852	115156	-	-	NFE2L2	KEAP1	NRF2	INrf2|KLHL19	Affinity Capture-Western	physical	Wang P (2019)	30765703	9606	9606	Low Throughput	-	-	-	-	-	BIOGRID
2618578	9817	9817	115156	115156	-	-	KEAP1	KEAP1	INrf2|KLHL19	INrf2|KLHL19	Affinity Capture-Western	physical	Wang P (2019)	30765703	9606	9606	Low Throughput	-	-	-	-	-	BIOGRID
2618580	9817	9817	115156	115156	-	-	KEAP1	KEAP1	INrf2|KLHL19	INrf2|KLHL19	Co-localization	physical	Wang P (2019)	30765703	9606	9606	Low Throughput	-	-	-	dimer	-	BIOGRID
2623918	9817	4780	115156	110852	-	-	KEAP1	NFE2L2	INrf2|KLHL19	NRF2	Co-crystal Structure	physical	Chen K (2019)	30465941	9606	9606	Low Throughput	-	-	-	-	-	BIOGRID
2624155	4780	9817	110852	115156	-	-	NFE2L2	KEAP1	NRF2	INrf2|KLHL19	Reconstituted Complex	physical	Poore DD (2019)	30383469	9606	9606	Low Throughput	-	-	-	-	-	BIOGRID
2624158	4780	9817	110852	115156	-	-	NFE2L2	KEAP1	NRF2	INrf2|KLHL19	FRET	physical	Poore DD (2019)	30383469	9606	9606	Low Throughput	-	-	-	-	-	BIOGRID
2635220	4780	9817	110852	115156	-	-	NFE2L2	KEAP1	NRF2	INrf2|KLHL19	FRET	physical	Dikovskaya D (2019)	30793592	9606	9606	Low Throughput	-	-	-	assayed using FLIM-FRET (fluorescence lifetime imaging microscopy-fluorescence resonance energy transfer) with Nrf2-bound fluorophore as donor and Keap1-bound fluorophore as acceptor	-	BIOGRID
2635225	9817	4780	115156	110852	-	-	KEAP1	NFE2L2	INrf2|KLHL19	NRF2	Affinity Capture-Western	physical	Wei S (2019)	30576774	9606	9606	Low Throughput	-	-	-	-	-	BIOGRID
2640443	8289	57492	113894	121559	RP1-50O24.1	RP11-419L10.1	ARID1A	ARID1B	B120|BAF250|BAF250a|BM029|C1orf4|ELD|MRD14|OSA1|P270|SMARCF1|hELD|hOSA1	6A3-5|BAF250B|BRIGHT|DAN15|ELD/OSA1|MRD12|OSA2|P250R	Affinity Capture-Western	physical	Alpsoy A (2018)	29374058	9606	9606	Low Throughput	-	-	-	-	-	BIOGRID
2640445	57492	8289	121559	113894	RP11-419L10.1	RP1-50O24.1	ARID1B	ARID1A	6A3-5|BAF250B|BRIGHT|DAN15|ELD/OSA1|MRD12|OSA2|P250R	B120|BAF250|BAF250a|BM029|C1orf4|ELD|MRD14|OSA1|P270|SMARCF1|hELD|hOSA1	Affinity Capture-Western	physical	Alpsoy A (2018)	29374058	9606	9606	Low Throughput	-	-	-	-	-	BIOGRID
2640718	9817	9817	115156	115156	-	-	KEAP1	KEAP1	INrf2|KLHL19	INrf2|KLHL19	FRET	physical	Li Z (2017)	28205554	9606	9606	High Throughput	-	-	-	Time-resolved fluorescence energy transfer (TR-FRET)	-	BIOGRID
2692078	2033	2033	108347	108347	RP1-85F18.1	RP1-85F18.1	EP300	EP300	KAT3B|RSTS2|p300	KAT3B|RSTS2|p300	Affinity Capture-MS	physical	Raisner R (2018)	30110629	9606	9606	High Throughput	-	-	-	-	-	BIOGRID
2692102	2033	1387	108347	107777	RP1-85F18.1	-	EP300	CREBBP	KAT3B|RSTS2|p300	CBP|KAT3A|RSTS	Affinity Capture-MS	physical	Raisner R (2018)	30110629	9606	9606	High Throughput	-	-	-	-	-	BIOGRID
2714197	60468	4097	121913	110272	RP11-63K6.2	-	BACH2	MAFG	BTBD25	hMAF	Two-hybrid	physical	Luck K (2020)	32296183	9606	9606	High Throughput	-	-	-	This human reference interactome (HuRI) was generated by performing nine two-hybrid screens with the high confidence interactions determined by pairwise verification by quadruplicate retesting and sequence confirmation. This HI-III-20 dataset contains over 52,000 PPIs involving more than 8,000 proteins.	-	BIOGRID
2714198	60468	7975	121913	113688	RP11-63K6.2	-	BACH2	MAFK	BTBD25	NFE2U|P18	Two-hybrid	physical	Luck K (2020)	32296183	9606	9606	High Throughput	-	-	-	This human reference interactome (HuRI) was generated by performing nine two-hybrid screens with the high confidence interactions determined by pairwise verification by quadruplicate retesting and sequence confirmation. This HI-III-20 dataset contains over 52,000 PPIs involving more than 8,000 proteins.	-	BIOGRID
2716610	4780	4097	110852	110272	-	-	NFE2L2	MAFG	NRF2	hMAF	Two-hybrid	physical	Luck K (2020)	32296183	9606	9606	High Throughput	-	-	-	This human reference interactome (HuRI) was generated by performing nine two-hybrid screens with the high confidence interactions determined by pairwise verification by quadruplicate retesting and sequence confirmation. This HI-III-20 dataset contains over 52,000 PPIs involving more than 8,000 proteins.	-	BIOGRID
2716611	4780	7975	110852	113688	-	-	NFE2L2	MAFK	NRF2	NFE2U|P18	Two-hybrid	physical	Luck K (2020)	32296183	9606	9606	High Throughput	-	-	-	This human reference interactome (HuRI) was generated by performing nine two-hybrid screens with the high confidence interactions determined by pairwise verification by quadruplicate retesting and sequence confirmation. This HI-III-20 dataset contains over 52,000 PPIs involving more than 8,000 proteins.	-	BIOGRID
2745927	9817	4780	115156	110852	-	-	KEAP1	NFE2L2	INrf2|KLHL19	NRF2	Affinity Capture-Western	physical	Zhou XL (2019)	30692632	9606	9606	Low Throughput	-	-	-	-	-	BIOGRID
2745928	9817	4780	115156	110852	-	-	KEAP1	NFE2L2	INrf2|KLHL19	NRF2	Reconstituted Complex	physical	Zhou XL (2019)	30692632	9606	9606	Low Throughput	-	-	-	-	-	BIOGRID
2746325	9817	4780	115156	110852	-	-	KEAP1	NFE2L2	INrf2|KLHL19	NRF2	Reconstituted Complex	physical	Cheng KC (2019)	31262713	9606	9606	Low Throughput	-	-	-	assayed using IP (immunoprecipitation) with purified components	-	BIOGRID
2747857	9817	4780	115156	110852	-	-	KEAP1	NFE2L2	INrf2|KLHL19	NRF2	Affinity Capture-Western	physical	Lignitto L (2019)	31257023	9606	9606	Low Throughput	-	-	-	Source of KEAP1 not clear	-	BIOGRID
2757525	8805	1387	114333	107777	-	-	TRIM24	CREBBP	PTC6|RNF82|TF1A|TIF1|TIF1A|TIF1ALPHA|hTIF1	CBP|KAT3A|RSTS	Co-localization	physical	Yu T (2019)	31554795	9606	9606	Low Throughput	-	-	-	-	-	BIOGRID
2757528	1387	8805	107777	114333	-	-	CREBBP	TRIM24	CBP|KAT3A|RSTS	PTC6|RNF82|TF1A|TIF1|TIF1A|TIF1ALPHA|hTIF1	Affinity Capture-Western	physical	Yu T (2019)	31554795	9606	9606	Low Throughput	-	-	-	-	-	BIOGRID
2757753	9817	4780	115156	110852	-	-	KEAP1	NFE2L2	INrf2|KLHL19	NRF2	Affinity Capture-Western	physical	Wan ZH (2020)	31541481	9606	9606	Low Throughput	-	-	-	-	-	BIOGRID
2768674	4780	9817	110852	115156	-	-	NFE2L2	KEAP1	NRF2	INrf2|KLHL19	Affinity Capture-Western	physical	Wang J (2019)	31695040	9606	9606	Low Throughput	-	-	-	-	-	BIOGRID
2768677	9817	4780	115156	110852	-	-	KEAP1	NFE2L2	INrf2|KLHL19	NRF2	Affinity Capture-Western	physical	Wang J (2019)	31695040	9606	9606	Low Throughput	-	-	-	-	-	BIOGRID
