GeneName	position	prob	snpEff	snpEffImpact	type	is_unique_mutation
AADACL4	G_12726571_A	0.0587229591801144	NON_SYNONYMOUS_CODING	MODERATE	germline	1
ABCA3	T_2339596_C	0.898445484931758	NON_SYNONYMOUS_CODING	MODERATE	germline	1
ABCC9	G_22005309_T	1	NON_SYNONYMOUS_CODING	MODERATE	subclonal somatic	1
ABI2	C_204291950_T	0.0228354877256052	STOP_GAINED	HIGH	germline	1
AC003006.7	T_58199410_A	0.965934540993288	STOP_GAINED	HIGH	subclonal somatic	1
AC004076.7	G_57910613_T	0.999999900335209	NON_SYNONYMOUS_CODING	MODERATE	subclonal somatic	0
ACAN	A_89400137_T;C_89400143_G;G_89400157_C;C_89400274_G	0.999745318384692;0.999999999904427;0.99999999996636;0.988441993269487	NON_SYNONYMOUS_CODING;NON_SYNONYMOUS_CODING;NON_SYNONYMOUS_CODING;NON_SYNONYMOUS_CODING	MODERATE;MODERATE;MODERATE;MODERATE	subclonal somatic;subclonal somatic;germline;subclonal somatic	0
ACRC	T_70823768_G	NA	NON_SYNONYMOUS_CODING	MODERATE	Insufficient local germline VCs	1
ACTB	GCCTGAGAGGGAAATGAGGGCAGGACTTAGCTTCCACAGCACAGCCCCGAGGGGTAACCCTCATGTCAGGCAGAGCCGGGAGACAGTCTCCACTCA_5567815_G	1	FRAME_SHIFT	HIGH	subclonal somatic	0
ACTN1	C_69356944_A	1	NON_SYNONYMOUS_CODING	MODERATE	subclonal somatic	1
ADAM29	T_175899098_G	0.999999999703966	NON_SYNONYMOUS_CODING	MODERATE	subclonal somatic	0
ADAMTS8	G_130289174_C	0.610757443446594	NON_SYNONYMOUS_CODING	MODERATE	subclonal somatic	1
AHNAK	T_62295348_C;C_62296198_A	1;1	NON_SYNONYMOUS_CODING;NON_SYNONYMOUS_CODING	MODERATE;MODERATE	subclonal somatic;subclonal somatic	0
AL359195.1	A_82012620_C;G_82012644_T;T_82012700_A;T_82012731_G	1;1;1;1	EXON;EXON;EXON;EXON	MODIFIER;MODIFIER;MODIFIER;MODIFIER	subclonal somatic;subclonal somatic;subclonal somatic;subclonal somatic	0
ALDH3B2	C_67434390_A	0.0476281789732002	NON_SYNONYMOUS_CODING	MODERATE	germline	1
ALMS1	G_73676034_T	1	NON_SYNONYMOUS_CODING	MODERATE	subclonal somatic	0
AMD1	A_111214248_G	0.999999999999998	PROTEIN_STRUCTURAL_INTERACTION_LOCUS	HIGH	subclonal somatic	1
ANK3	T_61835718_C	0.999999360355411	NON_SYNONYMOUS_CODING	MODERATE	subclonal somatic	1
ANKRD11	C_89347533_G	0.587366010709166	NON_SYNONYMOUS_CODING	MODERATE	subclonal somatic	1
ANKRD20A5P	G_14183958_A	0.930257196880011	EXON	MODIFIER	germline	1
ANKRD30A	C_37430995_A	0.216482837994931	NON_SYNONYMOUS_CODING	MODERATE	germline	1
ANKRD30B	A_14852037_G	0.999970655136456	NON_SYNONYMOUS_CODING	MODERATE	subclonal somatic	1
ANKRD7	G_117880053_A	0.0183301267234124	SPLICE_SITE_DONOR	HIGH	germline	1
ANKRD9	A_102974172_C;T_102974177_G	0.661456359323527;0.205644072482943	NON_SYNONYMOUS_CODING;NON_SYNONYMOUS_CODING	MODERATE;MODERATE	subclonal somatic;germline	0
ANTXRL	G_47700960_C	1	NON_SYNONYMOUS_CODING	MODERATE	subclonal somatic	0
APCDD1	C_10468486_T	0.145832011467973	NON_SYNONYMOUS_CODING	MODERATE	germline	1
APLP1	A_36357315_C	0.998491961138915	NON_SYNONYMOUS_CODING	MODERATE	subclonal somatic	1
APOA1BP	G_156563805_A	0.0743609615933569	NON_SYNONYMOUS_CODING	MODERATE	germline	1
APOL3	G_36537759_C	1	NON_SYNONYMOUS_CODING	MODERATE	subclonal somatic	1
AQR	T_35166192_C	0.779340809114453	PROTEIN_STRUCTURAL_INTERACTION_LOCUS	HIGH	subclonal somatic	1
ARHGDIG	C_335654_T	0.998775571142161	NON_SYNONYMOUS_CODING	MODERATE	germline	1
ARHGEF4	C_131688710_A	0.302826451719574	NON_SYNONYMOUS_CODING	MODERATE	germline	1
ARMCX4	A_100746178_C	NA	NON_SYNONYMOUS_CODING	MODERATE	Insufficient local germline VCs	1
ASTN1	T_177133749_G	0.839099956511939	NON_SYNONYMOUS_CODING	MODERATE	subclonal somatic	0
ATPAF2	C_17924456_T	0.40720232897133	NON_SYNONYMOUS_CODING	MODERATE	germline	1
BAIAP2L2	T_38483165_TCATGGGGGA	0.999998978761731	CODON_INSERTION	MODERATE	subclonal somatic	1
BAZ1B	G_72858390_A	0.1217938504807	NON_SYNONYMOUS_CODING	MODERATE	germline	1
BAZ2B	G_160205695_C	0.0186619637768938	NON_SYNONYMOUS_CODING	MODERATE	germline	1
BCL9L	G_118773605_GGGG	1	CODON_INSERTION	MODERATE	subclonal somatic	1
BCOR	C_39932333_A	NA	STOP_GAINED	HIGH	Insufficient local germline VCs	1
BDKRB2	G_96707818_C	0.998675455903383	NON_SYNONYMOUS_CODING	MODERATE	germline	1
BDP1	C_70806547_G	0.0222613342156372	NON_SYNONYMOUS_CODING	MODERATE	germline	0
BMP1	T_22054246_G	0.994474601027897	NON_SYNONYMOUS_CODING	MODERATE	subclonal somatic	0
BPIFB6	C_31630646_A	0.939166801995514	NON_SYNONYMOUS_CODING	MODERATE	germline	1
BRCA1	C_41256959_A	1	NON_SYNONYMOUS_CODING	MODERATE	subclonal somatic	1
C15orf39	G_75499616_T	0.735961156729738	NON_SYNONYMOUS_CODING	MODERATE	subclonal somatic	1
C19orf43	T_12848333_G	0.999998452203273	NON_SYNONYMOUS_CODING	MODERATE	germline	1
C1orf110	C_162824917_G	0.0401232422938006	NON_SYNONYMOUS_CODING	MODERATE	germline	1
C1orf116	T_207195620_C	0.279064475084439	NON_SYNONYMOUS_CODING	MODERATE	germline	1
C20orf194	G_3236798_T	0.71408908889284	NON_SYNONYMOUS_CODING	MODERATE	subclonal somatic	1
C2orf16	C_27803809_G;T_27804498_A;A_27804518_C;G_27804856_C	0.999999999999999;0.999999996464961;0.999999601947689;0.999999999999813	NON_SYNONYMOUS_CODING;NON_SYNONYMOUS_CODING;NON_SYNONYMOUS_CODING;NON_SYNONYMOUS_CODING	MODERATE;MODERATE;MODERATE;MODERATE	subclonal somatic;subclonal somatic;subclonal somatic;subclonal somatic	1
C2orf62	C_219232599_A	0.0689319636990688	NON_SYNONYMOUS_CODING	MODERATE	germline	1
C2orf66	C_197673937_A	0.108308488605394	SPLICE_SITE_DONOR	HIGH	germline	1
C5orf54	T_159821116_C	1.31674147927323e-08	NON_SYNONYMOUS_CODING	MODERATE	germline	1
C5orf60	G_179069925_T;C_179069960_G;T_179069967_G	1;0.0357814070683553;0.0492977047997594	NON_SYNONYMOUS_CODING;NON_SYNONYMOUS_CODING;NON_SYNONYMOUS_CODING	MODERATE;MODERATE;MODERATE	subclonal somatic;germline;germline	0
C6orf165	A_88173882_G	0.592227018353578	NON_SYNONYMOUS_CODING	MODERATE	subclonal somatic	1
C8orf31	G_144126144_C	0.981827913285363	NON_SYNONYMOUS_CODING	MODERATE	subclonal somatic	1
CACNA1B	G_140919618_C	0.999998114210418	NON_SYNONYMOUS_CODING	MODERATE	subclonal somatic	1
CASKIN2	C_73498373_A	0.234357690867922	NON_SYNONYMOUS_CODING	MODERATE	germline	1
CCDC117	G_29182244_A	0.865235166682235	NON_SYNONYMOUS_CODING	MODERATE	subclonal somatic	1
CCDC168	C_103387043_A	0.102419489271549	NON_SYNONYMOUS_CODING	MODERATE	germline	1
CCDC69	G_150585030_A	0.0090959292871747	STOP_GAINED	HIGH	germline	1
CCDC8	C_46915103_G	0.999999712974682	NON_SYNONYMOUS_CODING	MODERATE	subclonal somatic	1
CD1D	A_158152749_G	0.251732646953099	NON_SYNONYMOUS_CODING	MODERATE	germline	1
CD2AP	C_47471164_A	0.99999304244311	NON_SYNONYMOUS_CODING	MODERATE	subclonal somatic	1
CD40LG	C_135738557_T	NA	PROTEIN_STRUCTURAL_INTERACTION_LOCUS	HIGH	Insufficient local germline VCs	1
CDC34	A_541425_C	0.999967837839683	NON_SYNONYMOUS_CODING	MODERATE	subclonal somatic	0
CDH6	G_31323065_T	0.00704487258395468	NON_SYNONYMOUS_CODING	MODERATE	germline	1
CDK7	A_68558090_G	1	NON_SYNONYMOUS_CODING	MODERATE	subclonal somatic	1
CDKL5	G_18671575_A	NA	NON_SYNONYMOUS_CODING	MODERATE	Insufficient local germline VCs	1
CELA2B	G_15808779_A	0.170334408586563	NON_SYNONYMOUS_CODING	MODERATE	germline	1
CELSR2	T_109793383_G	0.109481027421676	NON_SYNONYMOUS_CODING	MODERATE	germline	1
CEP164	G_117280540_A	0.0334564649939133	NON_SYNONYMOUS_CODING	MODERATE	germline	1
CGN	C_151509723_G	0.825405596661568	NON_SYNONYMOUS_CODING	MODERATE	subclonal somatic	1
CHD2	G_93499702_A	1	NON_SYNONYMOUS_CODING	MODERATE	subclonal somatic	1
CHML	T_241798794_C	0.0418954861679399	NON_SYNONYMOUS_CODING	MODERATE	germline	1
CHRM4	C_46407774_G	1	NON_SYNONYMOUS_CODING	MODERATE	subclonal somatic	1
CIT	G_120128144_A	1	NON_SYNONYMOUS_CODING	MODERATE	subclonal somatic	1
CKAP5	GA_46784200_G	0.431638779131899	FRAME_SHIFT	HIGH	germline	1
CLDN23	T_8560713_G	0.999625100581988	NON_SYNONYMOUS_CODING	MODERATE	subclonal somatic	1
COL6A2	A_47532310_C	0.999999992670357	NON_SYNONYMOUS_CODING	MODERATE	subclonal somatic	0
CPE	G_166388879_A	0.723127677515037	NON_SYNONYMOUS_CODING	MODERATE	subclonal somatic	1
CPEB2	A_15004520_C	0.999999999999762	NON_SYNONYMOUS_CODING	MODERATE	subclonal somatic	0
CPSF1	T_145634542_C	0.444869987623547	START_LOST	HIGH	germline	1
CRELD1	A_9974635_C	1	SPLICE_SITE_ACCEPTOR	HIGH	subclonal somatic	1
CRIPAK	T_1388564_A;C_1389468_G	0.999999749781392;0.890409751778025	NON_SYNONYMOUS_CODING;NON_SYNONYMOUS_CODING	MODERATE;MODERATE	subclonal somatic;subclonal somatic	0
CRISP2	C_49666108_A	0.203394533772168	NON_SYNONYMOUS_CODING	MODERATE	germline	1
CRNN	A_152382569_G;T_152382802_G	0.999999999998705;0.999999999839535	NON_SYNONYMOUS_CODING;NON_SYNONYMOUS_CODING	MODERATE;MODERATE	subclonal somatic;subclonal somatic	0
CRYGS	T_186257346_C	0.98673714322342	NON_SYNONYMOUS_CODING	MODERATE	subclonal somatic	1
CSPP1	A_68030560_G	0.0502656896936968	NON_SYNONYMOUS_CODING	MODERATE	germline	1
CTC-512J12.6	G_44832461_A	0.991399109906343	NON_SYNONYMOUS_CODING	MODERATE	subclonal somatic	1
CXCR4	G_136873505_T	0.169564238556565	NON_SYNONYMOUS_CODING	MODERATE	germline	1
DCP1B	C_2074774_T	0.60794393031507	NON_SYNONYMOUS_CODING	MODERATE	subclonal somatic	1
DKK3	G_12023940_C	0.298968716906278	NON_SYNONYMOUS_CODING	MODERATE	germline	1
DLGAP3	T_35334404_G	0.717039299879606	NON_SYNONYMOUS_CODING	MODERATE	germline	0
DLGAP5	C_55647452_A	0.999999985589105	NON_SYNONYMOUS_CODING	MODERATE	subclonal somatic	1
DMRT3	C_990418_A	0.147894524266472	NON_SYNONYMOUS_CODING	MODERATE	germline	1
DNAH10	G_124382337_T	0.619819312844422	NON_SYNONYMOUS_CODING	MODERATE	subclonal somatic	1
DNAJB4	T_78478903_A	0.0659948235314406	NON_SYNONYMOUS_CODING	MODERATE	germline	1
DNHD1	G_6585903_A	0.0756082885546559	NON_SYNONYMOUS_CODING	MODERATE	germline	1
DOPEY2	T_37583875_A;A_37618258_G;G_37623514_T	0.0325783615832152;0.0275779876246808;0.0579618843780834	NON_SYNONYMOUS_CODING;NON_SYNONYMOUS_CODING;NON_SYNONYMOUS_CODING	MODERATE;MODERATE;MODERATE	germline;germline;germline	1
DPCR1	T_30917194_A;G_30917263_C;G_30917617_C;C_30917630_A;G_30917894_C;C_30917933_A;C_30918140_G;G_30918160_C;G_30918254_C;A_30918317_C;T_30918448_A;T_30918571_A;C_30918651_A;G_30918917_C;T_30918925_A;T_30919042_A;G_30919057_C;G_30919101_C;G_30919155_C;A_30919227_C;G_30919486_C;C_30919504_A;T_30919531_C	0.35765793284594;0.999541717173355;0.999854829341963;0.999999999984388;1;1;1;0.927769412963315;1;0.999999999999987;0.999999999964063;1;0.999999999935917;1;1;0.999999999903293;0.834384171885567;0.999999870443288;0.999994520614662;0.999999999999909;0.999989221105758;0.999999457520571;1	NON_SYNONYMOUS_CODING;NON_SYNONYMOUS_CODING;NON_SYNONYMOUS_CODING;NON_SYNONYMOUS_CODING;NON_SYNONYMOUS_CODING;NON_SYNONYMOUS_CODING;NON_SYNONYMOUS_CODING;NON_SYNONYMOUS_CODING;NON_SYNONYMOUS_CODING;NON_SYNONYMOUS_CODING;NON_SYNONYMOUS_CODING;NON_SYNONYMOUS_CODING;NON_SYNONYMOUS_CODING;NON_SYNONYMOUS_CODING;NON_SYNONYMOUS_CODING;NON_SYNONYMOUS_CODING;NON_SYNONYMOUS_CODING;NON_SYNONYMOUS_CODING;NON_SYNONYMOUS_CODING;NON_SYNONYMOUS_CODING;NON_SYNONYMOUS_CODING;NON_SYNONYMOUS_CODING;NON_SYNONYMOUS_CODING	MODERATE;MODERATE;MODERATE;MODERATE;MODERATE;MODERATE;MODERATE;MODERATE;MODERATE;MODERATE;MODERATE;MODERATE;MODERATE;MODERATE;MODERATE;MODERATE;MODERATE;MODERATE;MODERATE;MODERATE;MODERATE;MODERATE;MODERATE	germline;subclonal somatic;subclonal somatic;subclonal somatic;subclonal somatic;subclonal somatic;subclonal somatic;subclonal somatic;subclonal somatic;subclonal somatic;subclonal somatic;subclonal somatic;subclonal somatic;subclonal somatic;subclonal somatic;subclonal somatic;subclonal somatic;subclonal somatic;subclonal somatic;subclonal somatic;subclonal somatic;subclonal somatic;subclonal somatic	0
DPPA4	G_109049406_A	1	NON_SYNONYMOUS_CODING	MODERATE	subclonal somatic	1
DSCAM	C_41505822_A;C_41505823_A	0.042807307870387;0.0416682817301162	NON_SYNONYMOUS_CODING;NON_SYNONYMOUS_CODING	MODERATE;MODERATE	germline;germline	1
DUSP9	A_152913688_C	NA	NON_SYNONYMOUS_CODING	MODERATE	Insufficient local germline VCs	0
E2F2	T_23842866_A	0.696084813437488	NON_SYNONYMOUS_CODING	MODERATE	subclonal somatic	1
EEPD1	G_36336754_A	0.79057942876932	NON_SYNONYMOUS_CODING	MODERATE	germline	1
EFCAB5	A_28380822_C	1	NON_SYNONYMOUS_CODING	MODERATE	subclonal somatic	0
EIF3L	A_38270482_C	0.99868205567409	NON_SYNONYMOUS_CODING	MODERATE	subclonal somatic	1
EML4	C_42488323_G	0.0328996651650931	NON_SYNONYMOUS_CODING	MODERATE	germline	1
ENAH	A_225755037_C	0.0179705298840014	PROTEIN_STRUCTURAL_INTERACTION_LOCUS	HIGH	germline	1
ENGASE	T_77078051_C	0.860636988186579	NON_SYNONYMOUS_CODING	MODERATE	subclonal somatic	1
ENTPD4	C_23294446_T	0.0249870280342843	SPLICE_SITE_DONOR	HIGH	germline	1
ERICH1	C_623483_A;A_623519_C;T_623667_C	0.99495765646721;0.999999103444896;0.18495522391928	NON_SYNONYMOUS_CODING;NON_SYNONYMOUS_CODING;NON_SYNONYMOUS_CODING	MODERATE;MODERATE;MODERATE	subclonal somatic;subclonal somatic;germline	0
EVA1B	C_36785486_T	1	NON_SYNONYMOUS_CODING	MODERATE	subclonal somatic	1
EYS	C_64694364_A	0.999999999994614	NON_SYNONYMOUS_CODING	MODERATE	subclonal somatic	1
F10	TGCCCG_113803693_T	0.201846429316912	FRAME_SHIFT	HIGH	germline	0
F5	C_169510425_G	1	NON_SYNONYMOUS_CODING	MODERATE	subclonal somatic	1
FADS6	G_72889676_GGGCTCCGTAGGTTCCATGGGCTCCGTAGGTTCCATGGGCTCCGTAGGTTCCATC	0.856321307058262	CODON_CHANGE_PLUS_CODON_INSERTION	MODERATE	subclonal somatic	0
FAM120B	T_170627619_A;C_170627625_G;G_170627674_T;C_170627697_G	0.0803630712779878;0.0966858242549542;0.0461720062337232;0.0454182532377819	NON_SYNONYMOUS_CODING;NON_SYNONYMOUS_CODING;NON_SYNONYMOUS_CODING;NON_SYNONYMOUS_CODING	MODERATE;MODERATE;MODERATE;MODERATE	germline;germline;germline;germline	0
FAM186A	A_50745972_C;T_50746608_G;T_50746615_G;T_50746723_G;T_50746771_G;G_50747151_T;T_50747197_G;C_50747368_G	0.314559345848696;0.289607769073876;0.989447477756305;0.999999999990175;0.0307678351730691;0.921813758981035;0.996690989683744;0.0485760618272294	NON_SYNONYMOUS_CODING;NON_SYNONYMOUS_CODING;NON_SYNONYMOUS_CODING;NON_SYNONYMOUS_CODING;NON_SYNONYMOUS_CODING;NON_SYNONYMOUS_CODING;NON_SYNONYMOUS_CODING;NON_SYNONYMOUS_CODING	MODERATE;MODERATE;MODERATE;MODERATE;MODERATE;MODERATE;MODERATE;MODERATE	germline;germline;subclonal somatic;subclonal somatic;germline;subclonal somatic;subclonal somatic;germline	0
FAM230B	T_21539625_G;T_21539647_A	0.999999999995208;0.99999999992356	EXON;EXON	MODIFIER;MODIFIER	subclonal somatic;subclonal somatic	0
FAM47C	C_37027959_G;T_37028026_G	NA	NON_SYNONYMOUS_CODING;NON_SYNONYMOUS_CODING	MODERATE;MODERATE	Insufficient local germline VCs;Insufficient local germline VCs	0
FAM71E2	T_55872262_G	0.995915673732498	NON_SYNONYMOUS_CODING	MODERATE	subclonal somatic	1
FAM8A1	A_17601119_C	0.0937347118282509	NON_SYNONYMOUS_CODING	MODERATE	germline	1
FAT2	G_150885621_T	0.014463847580881	STOP_GAINED	HIGH	germline	1
FCGBP	C_40420147_G	1	NON_SYNONYMOUS_CODING	MODERATE	subclonal somatic	1
FCN1	G_137808280_C	0.567377875865146	NON_SYNONYMOUS_CODING	MODERATE	subclonal somatic	1
FDX1	C_110333090_CG	0.0657288863501169	FRAME_SHIFT	HIGH	germline	1
FGA	G_155507677_T	0.713666953153049	NON_SYNONYMOUS_CODING	MODERATE	subclonal somatic	0
FGF10	T_44310587_A	0.999998864091604	NON_SYNONYMOUS_CODING	MODERATE	subclonal somatic	1
FLG2	G_152323681_T;C_152323789_G;G_152324972_C;C_152325089_A;G_152325196_T;C_152325377_T;G_152325523_C;T_152325542_A;A_152327021_T;T_152327125_G;T_152327195_A;A_152327834_C;G_152328096_T;C_152328546_A;A_152328547_C;A_152328730_C;C_152328778_G;A_152328779_C	1;1;1;1;1;1;1;1;1;1;1;1;1;0.999999999999951;1;1;0.999999998852461;0.999999997878506	NON_SYNONYMOUS_CODING;NON_SYNONYMOUS_CODING;NON_SYNONYMOUS_CODING;STOP_GAINED;NON_SYNONYMOUS_CODING;NON_SYNONYMOUS_CODING;NON_SYNONYMOUS_CODING;NON_SYNONYMOUS_CODING;NON_SYNONYMOUS_CODING;NON_SYNONYMOUS_CODING;NON_SYNONYMOUS_CODING;NON_SYNONYMOUS_CODING;NON_SYNONYMOUS_CODING;NON_SYNONYMOUS_CODING;NON_SYNONYMOUS_CODING;NON_SYNONYMOUS_CODING;NON_SYNONYMOUS_CODING;NON_SYNONYMOUS_CODING	MODERATE;MODERATE;MODERATE;HIGH;MODERATE;MODERATE;MODERATE;MODERATE;MODERATE;MODERATE;MODERATE;MODERATE;MODERATE;MODERATE;MODERATE;MODERATE;MODERATE;MODERATE	subclonal somatic;subclonal somatic;subclonal somatic;subclonal somatic;subclonal somatic;subclonal somatic;subclonal somatic;subclonal somatic;subclonal somatic;subclonal somatic;subclonal somatic;subclonal somatic;subclonal somatic;subclonal somatic;subclonal somatic;subclonal somatic;subclonal somatic;subclonal somatic	0
FRZB	T_183707220_C	0.0408878490816383	NON_SYNONYMOUS_CODING	MODERATE	germline	1
FSTL4	C_132535334_T	0.0188069099753404	NON_SYNONYMOUS_CODING	MODERATE	germline	1
FYTTD1	G_197508751_T	0.999999999999642	NON_SYNONYMOUS_CODING	MODERATE	subclonal somatic	1
GAK	C_853474_G	0.442122973844467	NON_SYNONYMOUS_CODING	MODERATE	germline	1
GLI2	A_121740386_G	0.0674627062249772	NON_SYNONYMOUS_CODING	MODERATE	germline	1
GLTSCR1	A_48197829_C	0.999999853497251	NON_SYNONYMOUS_CODING	MODERATE	subclonal somatic	1
GOLGA6L1	A_22743418_G	0.407728714003394	NON_SYNONYMOUS_CODING	MODERATE	germline	1
GOPC	G_117900224_C	1	NON_SYNONYMOUS_CODING	MODERATE	subclonal somatic	1
GPR112	G_135431695_T	NA	STOP_GAINED	HIGH	Insufficient local germline VCs	1
GPR113	G_26539149_A	0.144987741481888	NON_SYNONYMOUS_CODING	MODERATE	germline	1
GPR116	C_46826906_A	0.0889004800617424	NON_SYNONYMOUS_CODING	MODERATE	germline	1
GPRIN3	C_90170604_T	0.808709105408442	NON_SYNONYMOUS_CODING	MODERATE	subclonal somatic	1
GRID2	C_94377014_A	0.598246807997242	NON_SYNONYMOUS_CODING	MODERATE	subclonal somatic	1
GRIN2B	C_13717130_A	1	NON_SYNONYMOUS_CODING	MODERATE	subclonal somatic	1
GRIP1	C_66788115_T	1	NON_SYNONYMOUS_CODING	MODERATE	subclonal somatic	1
GRM1	G_146350851_T	0.822148862541875	NON_SYNONYMOUS_CODING	MODERATE	subclonal somatic	1
GUCY2C	C_14772190_T	1	NON_SYNONYMOUS_CODING	MODERATE	subclonal somatic	1
GYPC	G_127451480_A	0.0726050128164082	NON_SYNONYMOUS_CODING	MODERATE	germline	1
HAND2	A_174450166_C	0.999999999697897	NON_SYNONYMOUS_CODING	MODERATE	germline	1
HAVCR2	C_156514251_A	1.36472707851436e-08	NON_SYNONYMOUS_CODING	MODERATE	germline	1
HIC1	T_1961801_G	0.999999999795891	NON_SYNONYMOUS_CODING	MODERATE	subclonal somatic	0
HILPDA	C_128097458_G	0.0197617391688818	NON_SYNONYMOUS_CODING	MODERATE	germline	1
HIVEP1	G_12125369_T	0.999999999999997	STOP_GAINED	HIGH	subclonal somatic	1
HKR1	G_37853608_A	0.924069791906035	NON_SYNONYMOUS_CODING	MODERATE	subclonal somatic	1
HLA-B	GACCACA_31322930_G	1	CODON_CHANGE_PLUS_CODON_DELETION	MODERATE	subclonal somatic	0
HLA-DQB2	C_32726692_T;T_32726703_C	1;0.999999999997686	NON_SYNONYMOUS_CODING;NON_SYNONYMOUS_CODING	MODERATE;MODERATE	subclonal somatic;germline	1
HOXA13	A_27238924_C	1	NON_SYNONYMOUS_CODING	MODERATE	subclonal somatic	0
HRNR	C_152186966_T;GC_152191015_G	1;0.19998014152264	NON_SYNONYMOUS_CODING;FRAME_SHIFT	MODERATE;HIGH	subclonal somatic;germline	1
HSD17B7	G_162774108_A	0.0523044595323486	NON_SYNONYMOUS_CODING	MODERATE	germline	1
HSPG2	C_22181882_T	0.33498911566284	NON_SYNONYMOUS_CODING	MODERATE	germline	1
IFIH1	C_163134002_A	0.301826453441293	NON_SYNONYMOUS_CODING	MODERATE	germline	1
IFT122	A_129197021_G	0.253575069643682	NON_SYNONYMOUS_CODING	MODERATE	germline	1
IGFN1	A_201178408_T;A_201178688_G;G_201179029_T;A_201179073_G;A_201179113_G;G_201179812_T;G_201179985_T;G_201180301_T;G_201180361_T;A_201180469_G;G_201180625_T;A_201180685_G	1;1;1;1;1;1;0.999999999976444;1;1;1;0.999999999998684;1	NON_SYNONYMOUS_CODING;NON_SYNONYMOUS_CODING;NON_SYNONYMOUS_CODING;NON_SYNONYMOUS_CODING;NON_SYNONYMOUS_CODING;NON_SYNONYMOUS_CODING;NON_SYNONYMOUS_CODING;NON_SYNONYMOUS_CODING;STOP_GAINED;NON_SYNONYMOUS_CODING;NON_SYNONYMOUS_CODING;NON_SYNONYMOUS_CODING	MODERATE;MODERATE;MODERATE;MODERATE;MODERATE;MODERATE;MODERATE;MODERATE;HIGH;MODERATE;MODERATE;MODERATE	subclonal somatic;subclonal somatic;subclonal somatic;subclonal somatic;germline;subclonal somatic;subclonal somatic;subclonal somatic;subclonal somatic;subclonal somatic;subclonal somatic;subclonal somatic	0
IGSF3	C_117127475_CTCT	0.11025606805853	CODON_CHANGE_PLUS_CODON_INSERTION	MODERATE	germline	1
IKZF2	CCCATGTGAATGGTGTACATGACATGGTCTAGGAAAAGGACTCGGCAGTGCTCACACTTGAAGGCCCTAATCTGTTCT_213872193_C	0.823948906582542	FRAME_SHIFT	HIGH	subclonal somatic	1
IL18RAP	C_103040396_A	1	NON_SYNONYMOUS_CODING	MODERATE	subclonal somatic	1
IL2RA	C_6104235_A	0.0827875407474587	START_GAINED	LOW	germline	1
ILF3	A_10782164_T	0.319322483436987	NON_SYNONYMOUS_CODING	MODERATE	germline	1
INTS4	T_77639438_G	0.0827921895544076	NON_SYNONYMOUS_CODING	MODERATE	germline	1
IRF2BP2	T_234744586_G	0.122545664561092	NON_SYNONYMOUS_CODING	MODERATE	germline	1
IRX4	CGCCCGGCAGTGGCTCCGGCCCGGCCGCCGCGCTGCG_1878625_C	0.977432746037996	CODON_DELETION	MODERATE	subclonal somatic	1
IVL	C_152883077_G	0.871269881180904	NON_SYNONYMOUS_CODING	MODERATE	germline	0
JPH2	T_42788615_G	0.915508233735756	NON_SYNONYMOUS_CODING	MODERATE	subclonal somatic	1
KBTBD11	G_1950466_C	0.999991616149424	NON_SYNONYMOUS_CODING	MODERATE	subclonal somatic	0
KCNA4	C_30033995_A	0.0337481372369415	NON_SYNONYMOUS_CODING	MODERATE	germline	1
KCNH2	TG_150656675_T	0.105701768852786	FRAME_SHIFT	HIGH	germline	1
KCNQ3	A_133150232_AT	0.69257350819635	FRAME_SHIFT	HIGH	subclonal somatic	1
KDELC1	C_103443753_A	0.0657603540773483	NON_SYNONYMOUS_CODING	MODERATE	germline	1
KIAA1468	C_59925842_G	0.0649150388849405	NON_SYNONYMOUS_CODING	MODERATE	germline	1
KIF18B	G_43011448_A	0.0565212745203691	NON_SYNONYMOUS_CODING	MODERATE	germline	1
KIF26A	G_104645653_C	0.327795636037879	NON_SYNONYMOUS_CODING	MODERATE	germline	1
KLK5	T_51452282_G	0.999999999266709	NON_SYNONYMOUS_CODING	MODERATE	subclonal somatic	1
KMT2D	A_49444957_C;T_49445543_G	0.290124815627775;0.207424648779569	NON_SYNONYMOUS_CODING;NON_SYNONYMOUS_CODING	MODERATE;MODERATE	germline;germline	0
KRT37	T_39578326_G	0.31075637465656	NON_SYNONYMOUS_CODING	MODERATE	germline	1
KRTAP10-10	A_46057737_C	1	NON_SYNONYMOUS_CODING	MODERATE	subclonal somatic	1
KRTAP10-11	A_46066926_C	1	NON_SYNONYMOUS_CODING	MODERATE	subclonal somatic	0
KRTAP10-5	T_45999966_G;A_45999991_C	1;1	NON_SYNONYMOUS_CODING;NON_SYNONYMOUS_CODING	MODERATE;MODERATE	subclonal somatic;subclonal somatic	1
KRTAP10-9	C_46047501_A	1	NON_SYNONYMOUS_CODING	MODERATE	subclonal somatic	0
KRTAP12-1	T_46101892_G	1	NON_SYNONYMOUS_CODING	MODERATE	subclonal somatic	0
KRTAP12-2	T_46086602_G;A_46086655_C	1;1	NON_SYNONYMOUS_CODING;NON_SYNONYMOUS_CODING	MODERATE;MODERATE	subclonal somatic;subclonal somatic	0
KRTAP15-1	T_31812964_G	1	NON_SYNONYMOUS_CODING	MODERATE	subclonal somatic	1
KRTAP16-1	G_39464549_T;T_39465180_G	1;1	STOP_GAINED;NON_SYNONYMOUS_CODING	HIGH;MODERATE	subclonal somatic;subclonal somatic	1
KRTAP3-1	C_39165287_T	0.535308140449849	NON_SYNONYMOUS_CODING	MODERATE	germline	1
KRTAP4-12	T_39279994_G	1	NON_SYNONYMOUS_CODING	MODERATE	subclonal somatic	1
KRTAP4-4	T_39316518_G;A_39316656_C	1;1	NON_SYNONYMOUS_CODING;NON_SYNONYMOUS_CODING	MODERATE;MODERATE	subclonal somatic;subclonal somatic	0
KRTAP5-11	T_71293560_G	0.12007523340793	NON_SYNONYMOUS_CODING	MODERATE	germline	0
KRTAP5-3	T_1629043_G	0.97834054095051	NON_SYNONYMOUS_CODING	MODERATE	subclonal somatic	0
KRTAP5-6	G_1718668_T	0.852138980069891	NON_SYNONYMOUS_CODING	MODERATE	subclonal somatic	1
KRTAP5-9	A_71260017_C;T_71260048_G;A_71260084_C	0.999999999999926;0.999999963582384;0.999999984729976	NON_SYNONYMOUS_CODING;NON_SYNONYMOUS_CODING;NON_SYNONYMOUS_CODING	MODERATE;MODERATE;MODERATE	subclonal somatic;subclonal somatic;subclonal somatic	0
KRTAP9-2	C_39383164_G	0.451351114655666	NON_SYNONYMOUS_CODING	MODERATE	germline	1
KSR2	T_118199176_C	1	NON_SYNONYMOUS_CODING	MODERATE	subclonal somatic	1
LCP1	G_46716517_T	0.75251977484372	NON_SYNONYMOUS_CODING	MODERATE	subclonal somatic	1
LDB3	C_88459081_T	0.302321899925678	NON_SYNONYMOUS_CODING	MODERATE	germline	1
LINC00521	G_94471251_C	0.999969678569415	EXON	MODIFIER	subclonal somatic	1
LOXL2	C_23225591_T	0.0263564324910562	NON_SYNONYMOUS_CODING	MODERATE	germline	1
LRP2	G_170101368_A	0.0148834544714448	NON_SYNONYMOUS_CODING	MODERATE	germline	1
LRP3	A_33698348_C	0.999996214915558	NON_SYNONYMOUS_CODING	MODERATE	subclonal somatic	1
LRRIQ1	G_85449853_T	0.436481501114306	NON_SYNONYMOUS_CODING	MODERATE	germline	1
LTBP3	A_65321723_C	0.999968247411588	NON_SYNONYMOUS_CODING	MODERATE	subclonal somatic	1
LYRM2	T_90333699_TG	0.961502775318496	FRAME_SHIFT	HIGH	subclonal somatic	1
LZTS2	GCGGCTACGGCTGCGGCTA_102770309_G	0.00155196659644198	CODON_CHANGE_PLUS_CODON_DELETION	MODERATE	germline	1
MAGEB6	C_26212208_A	NA	NON_SYNONYMOUS_CODING	MODERATE	Insufficient local germline VCs	1
MAGEC1	A_140993320_G;G_140993674_C;G_140993698_T;G_140994271_C	NA	NON_SYNONYMOUS_CODING;NON_SYNONYMOUS_CODING;NON_SYNONYMOUS_CODING;NON_SYNONYMOUS_CODING	MODERATE;MODERATE;MODERATE;MODERATE	Insufficient local germline VCs;Insufficient local germline VCs;Insufficient local germline VCs;Insufficient local germline VCs	0
MAGEE1	T_75648799_G;A_75648837_C;A_75649038_C	NA	NON_SYNONYMOUS_CODING;NON_SYNONYMOUS_CODING;NON_SYNONYMOUS_CODING	MODERATE;MODERATE;MODERATE	Insufficient local germline VCs;Insufficient local germline VCs;Insufficient local germline VCs	0
MAP2	G_210560966_T	0.0258143702062847	STOP_GAINED	HIGH	germline	1
MAP3K1	G_56177018_T	0.0128456054774468	NON_SYNONYMOUS_CODING	MODERATE	germline	1
MAP4K3	A_39552929_T	1	NON_SYNONYMOUS_CODING	MODERATE	subclonal somatic	1
MCOLN2	G_85405367_C	0.0988794573896759	NON_SYNONYMOUS_CODING	MODERATE	germline	1
MDC1	A_30672200_G;T_30672207_G;C_30672209_G;C_30672288_A;T_30672325_G;C_30672363_G;T_30672420_G;C_30672468_G;C_30672618_G;C_30672643_G;T_30672694_G;C_30672717_G;G_30672741_C;C_30673085_G;G_30673217_A;G_30673236_T;T_30673294_G;C_30673385_T;G_30673559_T	1;0.999999999999929;0.999999999999999;1;0.895645600347072;0.999996587555717;0.99999999979747;1;1;0.999999999999803;0.859716613279887;0.999398393842844;1;0.999999999960356;1;0.999999999999984;0.999999999999715;1;0.999999999788639	NON_SYNONYMOUS_CODING;NON_SYNONYMOUS_CODING;NON_SYNONYMOUS_CODING;NON_SYNONYMOUS_CODING;NON_SYNONYMOUS_CODING;NON_SYNONYMOUS_CODING;NON_SYNONYMOUS_CODING;NON_SYNONYMOUS_CODING;NON_SYNONYMOUS_CODING;NON_SYNONYMOUS_CODING;NON_SYNONYMOUS_CODING;NON_SYNONYMOUS_CODING;NON_SYNONYMOUS_CODING;NON_SYNONYMOUS_CODING;NON_SYNONYMOUS_CODING;NON_SYNONYMOUS_CODING;NON_SYNONYMOUS_CODING;NON_SYNONYMOUS_CODING;NON_SYNONYMOUS_CODING	MODERATE;MODERATE;MODERATE;MODERATE;MODERATE;MODERATE;MODERATE;MODERATE;MODERATE;MODERATE;MODERATE;MODERATE;MODERATE;MODERATE;MODERATE;MODERATE;MODERATE;MODERATE;MODERATE	subclonal somatic;subclonal somatic;subclonal somatic;subclonal somatic;subclonal somatic;subclonal somatic;subclonal somatic;subclonal somatic;subclonal somatic;subclonal somatic;subclonal somatic;subclonal somatic;subclonal somatic;subclonal somatic;subclonal somatic;subclonal somatic;subclonal somatic;germline;subclonal somatic	0
MEIS2	G_37390309_T	1	NON_SYNONYMOUS_CODING	MODERATE	subclonal somatic	1
METTL11B	G_170129802_T	0.0110622875198711	NON_SYNONYMOUS_CODING	MODERATE	germline	1
MFHAS1	A_8750243_C	0.999999994797062	NON_SYNONYMOUS_CODING	MODERATE	subclonal somatic	1
MFSD3	T_145738641_G	0.673072147824912	NON_SYNONYMOUS_CODING	MODERATE	subclonal somatic	1
MGAT3	C_39883735_T	0.725382736115987	NON_SYNONYMOUS_CODING	MODERATE	subclonal somatic	1
MIOS	C_7612519_G	0.520706421546529	NON_SYNONYMOUS_CODING	MODERATE	subclonal somatic	1
MLXIP	C_122615432_T	0.126629616371798	NON_SYNONYMOUS_CODING	MODERATE	germline	1
MMS19	G_99215448_T	0.511227400651293	NON_SYNONYMOUS_CODING	MODERATE	subclonal somatic	1
MN1	G_28194491_A	0.888572552387622	STOP_GAINED	HIGH	subclonal somatic	1
MPP7	G_28527517_A	0.392198265387213	NON_SYNONYMOUS_CODING	MODERATE	germline	1
MS4A18	T_60511316_C	0.999999976196913	NON_SYNONYMOUS_CODING	MODERATE	subclonal somatic	0
MSH2	G_47643546_C	0.00356971737744567	NON_SYNONYMOUS_CODING	MODERATE	germline	1
MTDH	T_98657018_G	0.99999768767046	NON_SYNONYMOUS_CODING	MODERATE	subclonal somatic	0
MTOR	G_11190689_T;A_11190797_C	0.140284958999157;0.866717595908028	NON_SYNONYMOUS_CODING;NON_SYNONYMOUS_CODING	MODERATE;MODERATE	germline;subclonal somatic	1
MUC12	G_100639723_C;T_100639727_A;C_100648521_T	0.999999999999026;0.99999999996327;0.45868926060823	NON_SYNONYMOUS_CODING;NON_SYNONYMOUS_CODING;NON_SYNONYMOUS_CODING	MODERATE;MODERATE;MODERATE	subclonal somatic;subclonal somatic;germline	0
MUC16	G_9048624_T;T_9048720_C;A_9048764_G	0.999991384656965;0.999990526796521;0.832731151338602	NON_SYNONYMOUS_CODING;NON_SYNONYMOUS_CODING;NON_SYNONYMOUS_CODING	MODERATE;MODERATE;MODERATE	subclonal somatic;subclonal somatic;subclonal somatic	0
MUC17	C_100676069_T;A_100676109_C;G_100676143_T;G_100676334_C;G_100676537_C;C_100676697_G;C_100677404_A;T_100677422_G;C_100677582_G;G_100677599_T;C_100677958_A;C_100678206_G;T_100678499_A;G_100678949_C;A_100681278_C;C_100681292_A;C_100681363_A;G_100681487_T;C_100681695_A;C_100681846_A;G_100682680_C;G_100683565_C;C_100684124_A;A_100684125_C;G_100684253_A;C_100684675_A;A_100684977_C	1;1;1;1;1;1;1;1;1;1;1;1;1;1;1;1;1;1;1;1;1;1;1;1;1;1;1	NON_SYNONYMOUS_CODING;NON_SYNONYMOUS_CODING;NON_SYNONYMOUS_CODING;NON_SYNONYMOUS_CODING;NON_SYNONYMOUS_CODING;NON_SYNONYMOUS_CODING;NON_SYNONYMOUS_CODING;NON_SYNONYMOUS_CODING;NON_SYNONYMOUS_CODING;NON_SYNONYMOUS_CODING;NON_SYNONYMOUS_CODING;NON_SYNONYMOUS_CODING;NON_SYNONYMOUS_CODING;NON_SYNONYMOUS_CODING;NON_SYNONYMOUS_CODING;NON_SYNONYMOUS_CODING;NON_SYNONYMOUS_CODING;NON_SYNONYMOUS_CODING;NON_SYNONYMOUS_CODING;NON_SYNONYMOUS_CODING;NON_SYNONYMOUS_CODING;NON_SYNONYMOUS_CODING;NON_SYNONYMOUS_CODING;NON_SYNONYMOUS_CODING;NON_SYNONYMOUS_CODING;NON_SYNONYMOUS_CODING;NON_SYNONYMOUS_CODING	MODERATE;MODERATE;MODERATE;MODERATE;MODERATE;MODERATE;MODERATE;MODERATE;MODERATE;MODERATE;MODERATE;MODERATE;MODERATE;MODERATE;MODERATE;MODERATE;MODERATE;MODERATE;MODERATE;MODERATE;MODERATE;MODERATE;MODERATE;MODERATE;MODERATE;MODERATE;MODERATE	subclonal somatic;subclonal somatic;subclonal somatic;subclonal somatic;subclonal somatic;subclonal somatic;subclonal somatic;subclonal somatic;germline;subclonal somatic;subclonal somatic;subclonal somatic;subclonal somatic;subclonal somatic;subclonal somatic;subclonal somatic;germline;subclonal somatic;subclonal somatic;subclonal somatic;subclonal somatic;subclonal somatic;subclonal somatic;subclonal somatic;subclonal somatic;subclonal somatic;subclonal somatic	0
MUC21	A_30955250_C	0.999999999999969	NON_SYNONYMOUS_CODING	MODERATE	subclonal somatic	1
MUC22	G_30993461_C;G_30994215_C;G_30994370_C;G_30995214_C;A_30995363_T;A_30995385_C;A_30995630_C;G_30995709_C;G_30995717_C;A_30995772_C;A_30995913_C;G_30995929_C;G_30995996_C;G_30996036_C;A_30996269_C;G_30996286_C;G_30996298_C;A_30996540_C;T_30996870_A;G_30996871_C;A_30996989_C;A_30997025_T;A_30997073_T;G_30997097_C;A_30997203_C;G_30997207_T;G_30997239_C;G_30997451_C;G_30997466_C;G_30997647_C	1;1;1;1;1;1;0.999999999999996;1;1;1;1;1;1;0.99999995524263;1;0.99999999999999;1;1;0.999999999922774;0.999886277607442;1;1;1;1;0.999999999999704;0.999999683961381;0.795675097596843;0.999999999999738;0.999999999999978;1	NON_SYNONYMOUS_CODING;NON_SYNONYMOUS_CODING;NON_SYNONYMOUS_CODING;NON_SYNONYMOUS_CODING;NON_SYNONYMOUS_CODING;NON_SYNONYMOUS_CODING;NON_SYNONYMOUS_CODING;NON_SYNONYMOUS_CODING;NON_SYNONYMOUS_CODING;NON_SYNONYMOUS_CODING;NON_SYNONYMOUS_CODING;NON_SYNONYMOUS_CODING;NON_SYNONYMOUS_CODING;NON_SYNONYMOUS_CODING;NON_SYNONYMOUS_CODING;NON_SYNONYMOUS_CODING;NON_SYNONYMOUS_CODING;NON_SYNONYMOUS_CODING;NON_SYNONYMOUS_CODING;NON_SYNONYMOUS_CODING;NON_SYNONYMOUS_CODING;NON_SYNONYMOUS_CODING;NON_SYNONYMOUS_CODING;NON_SYNONYMOUS_CODING;NON_SYNONYMOUS_CODING;NON_SYNONYMOUS_CODING;NON_SYNONYMOUS_CODING;NON_SYNONYMOUS_CODING;NON_SYNONYMOUS_CODING;NON_SYNONYMOUS_CODING	MODERATE;MODERATE;MODERATE;MODERATE;MODERATE;MODERATE;MODERATE;MODERATE;MODERATE;MODERATE;MODERATE;MODERATE;MODERATE;MODERATE;MODERATE;MODERATE;MODERATE;MODERATE;MODERATE;MODERATE;MODERATE;MODERATE;MODERATE;MODERATE;MODERATE;MODERATE;MODERATE;MODERATE;MODERATE;MODERATE	subclonal somatic;subclonal somatic;subclonal somatic;subclonal somatic;subclonal somatic;subclonal somatic;subclonal somatic;subclonal somatic;subclonal somatic;subclonal somatic;subclonal somatic;subclonal somatic;subclonal somatic;subclonal somatic;subclonal somatic;subclonal somatic;subclonal somatic;subclonal somatic;subclonal somatic;subclonal somatic;subclonal somatic;subclonal somatic;subclonal somatic;subclonal somatic;subclonal somatic;subclonal somatic;subclonal somatic;subclonal somatic;subclonal somatic;subclonal somatic	0
MUC4	G_195507971_T;T_195508022_G;T_195508067_G;C_195508165_G;C_195508187_G;C_195510779_T;G_195510896_T;T_195512435_G;C_195512629_G;C_195512677_G;T_195512678_G;A_195512809_T;T_195512821_G;A_195512830_T;T_195512918_G;T_195513014_G;A_195513145_T;T_195513155_G;C_195513280_G;T_195513302_G;T_195513376_G	0.999184343753554;0.291942156565828;0.999751299285231;0.997557715045822;0.99950194293816;0.742085630941944;0.980750711015124;0.904064226007965;0.503688002187725;0.990025757378108;0.543840964720541;0.9986242455424;0.990184116337494;1;0.443263548543355;0.999999999328015;0.208483619365095;0.906571374213852;0.999999966207236;0.999999035567808;0.678783682677802	NON_SYNONYMOUS_CODING;NON_SYNONYMOUS_CODING;NON_SYNONYMOUS_CODING;NON_SYNONYMOUS_CODING;NON_SYNONYMOUS_CODING;NON_SYNONYMOUS_CODING;NON_SYNONYMOUS_CODING;NON_SYNONYMOUS_CODING;NON_SYNONYMOUS_CODING;NON_SYNONYMOUS_CODING;NON_SYNONYMOUS_CODING;NON_SYNONYMOUS_CODING;NON_SYNONYMOUS_CODING;NON_SYNONYMOUS_CODING;NON_SYNONYMOUS_CODING;NON_SYNONYMOUS_CODING;NON_SYNONYMOUS_CODING;NON_SYNONYMOUS_CODING;NON_SYNONYMOUS_CODING;NON_SYNONYMOUS_CODING;NON_SYNONYMOUS_CODING	MODERATE;MODERATE;MODERATE;MODERATE;MODERATE;MODERATE;MODERATE;MODERATE;MODERATE;MODERATE;MODERATE;MODERATE;MODERATE;MODERATE;MODERATE;MODERATE;MODERATE;MODERATE;MODERATE;MODERATE;MODERATE	germline;germline;germline;subclonal somatic;subclonal somatic;germline;subclonal somatic;subclonal somatic;subclonal somatic;subclonal somatic;subclonal somatic;subclonal somatic;subclonal somatic;subclonal somatic;germline;subclonal somatic;germline;subclonal somatic;subclonal somatic;subclonal somatic;subclonal somatic	0
MUC5B	A_1271192_C	0.999999999999931	NON_SYNONYMOUS_CODING	MODERATE	subclonal somatic	1
MUC6	C_1017619_G	1	NON_SYNONYMOUS_CODING	MODERATE	germline	1
MYLK2	C_30412152_A	1	NON_SYNONYMOUS_CODING	MODERATE	subclonal somatic	1
MYO1C	C_1373593_CG	0.940931415939617	FRAME_SHIFT	HIGH	subclonal somatic	1
MYOM1	C_3188882_G;C_3188899_G	0.999999999999719;1	NON_SYNONYMOUS_CODING;NON_SYNONYMOUS_CODING	MODERATE;MODERATE	subclonal somatic;subclonal somatic	0
NACAD	A_45123943_T	0.999924382543385	NON_SYNONYMOUS_CODING	MODERATE	subclonal somatic	0
NAGK	G_71303793_A	0.0290438132102329	NON_SYNONYMOUS_CODING	MODERATE	germline	1
NARS2	G_78282480_A	0.10251240960284	NON_SYNONYMOUS_CODING	MODERATE	germline	1
NAV2	C_19955519_T	0.0457169604762788	NON_SYNONYMOUS_CODING	MODERATE	germline	1
NBPF1	C_16892184_T;C_16901122_A	1;1	NON_SYNONYMOUS_CODING;NON_SYNONYMOUS_CODING	MODERATE;MODERATE	germline;subclonal somatic	1
NCF2	T_183543681_C	0.0383950328255342	NON_SYNONYMOUS_CODING	MODERATE	germline	1
NCL	TTCC_232325396_T	0.72871758467592	CODON_CHANGE_PLUS_CODON_DELETION	MODERATE	germline	1
NEFL	C_24810360_T	0.0099765039600291	NON_SYNONYMOUS_CODING	MODERATE	germline	1
NEURL1B	A_172113695_C	0.187814715113121	NON_SYNONYMOUS_CODING	MODERATE	germline	0
NLE1	G_33460204_T	1	NON_SYNONYMOUS_CODING	MODERATE	subclonal somatic	1
NOX4	G_89135573_C	0.0529386495505163	STOP_GAINED	HIGH	germline	1
NPHS1	C_36340184_A	0.883349344682637	NON_SYNONYMOUS_CODING	MODERATE	subclonal somatic	1
NRG3	G_84733607_C	0.255502506115461	NON_SYNONYMOUS_CODING	MODERATE	germline	1
NSDHL	C_152037520_T	NA	NON_SYNONYMOUS_CODING	MODERATE	Insufficient local germline VCs	1
OLFM4	G_53624523_T	0.284095070431893	NON_SYNONYMOUS_CODING	MODERATE	germline	1
OR14J1	C_29275307_A	0.0716487137971946	NON_SYNONYMOUS_CODING	MODERATE	germline	1
OR5A2	G_59190311_T	0.0377562739213596	NON_SYNONYMOUS_CODING	MODERATE	germline	1
OR5M9	T_56230745_C	0.0773327150687612	NON_SYNONYMOUS_CODING	MODERATE	germline	1
OR5W2	A_55682025_AC	0.0518963561068642	FRAME_SHIFT	HIGH	germline	1
OR6N2	G_158746882_T	0.0462155690559441	NON_SYNONYMOUS_CODING	MODERATE	germline	1
ORC1	G_52859263_A	0.0456552037682384	NON_SYNONYMOUS_CODING	MODERATE	germline	1
OTUD7B	T_149921651_C	0.999999981414353	NON_SYNONYMOUS_CODING	MODERATE	subclonal somatic	1
OVCA2	C_1945407_G	0.203036096252807	NON_SYNONYMOUS_CODING	MODERATE	germline	1
OVGP1	GACTCACAGGGGTCACAGACTGATGACCCACAGGGGTCAGGGTCTTTTCCCCAGGGGTCACAGACTGATA_111957514_G	0.836557891548489	CODON_DELETION	MODERATE	subclonal somatic	0
PAN3	T_28712892_G	0.9999999995855	NON_SYNONYMOUS_CODING	MODERATE	subclonal somatic	1
PASK	C_242065691_T	0.050685394399586	NON_SYNONYMOUS_CODING	MODERATE	germline	1
PCDH10	T_134071966_G	0.999999999999829	NON_SYNONYMOUS_CODING	MODERATE	subclonal somatic	0
PCDHGA5	G_140744491_T	0.0213799606202183	NON_SYNONYMOUS_CODING	MODERATE	germline	1
PCNT	A_47754614_C	0.999999999999551	NON_SYNONYMOUS_CODING	MODERATE	subclonal somatic	1
PDE3A	C_20766606_G	0.531726255077803	NON_SYNONYMOUS_CODING	MODERATE	subclonal somatic	1
PDE4D	C_58289253_T	1	NON_SYNONYMOUS_CODING	MODERATE	subclonal somatic	1
PFAS	A_8158827_C	0.999999696133984	NON_SYNONYMOUS_CODING	MODERATE	subclonal somatic	0
PFN3	C_176827171_T	0.0331236825771401	NON_SYNONYMOUS_CODING	MODERATE	germline	1
PHOSPHO1	CAGG_47302389_C	0.353489209866555	CODON_CHANGE_PLUS_CODON_DELETION	MODERATE	germline	1
PHRF1	A_607183_G	0.107486888039739	NON_SYNONYMOUS_CODING	MODERATE	germline	1
PJA1	G_68382061_A	NA	STOP_GAINED	HIGH	Insufficient local germline VCs	1
PLCB2	G_40589739_T	0.652460736634737	NON_SYNONYMOUS_CODING	MODERATE	subclonal somatic	1
PLD5	T_242264002_A	0.0531605672650227	NON_SYNONYMOUS_CODING	MODERATE	germline	1
PLEC	C_144993884_A	0.95492466589916	NON_SYNONYMOUS_CODING	MODERATE	subclonal somatic	1
PLEKHB2	T_131976200_G	0.999999998405642	NON_SYNONYMOUS_CODING	MODERATE	subclonal somatic	1
PLIN4	T_4513297_G	0.999904364340302	NON_SYNONYMOUS_CODING	MODERATE	subclonal somatic	0
PLXNA3	G_153689643_A	NA	NON_SYNONYMOUS_CODING	MODERATE	Insufficient local germline VCs	1
POLR2B	TTCCCGACCCACC_57861524_T;A_57861537_AAAAAAAAAAAAA	0.996336529890567;0.99188782387785	CODON_DELETION;CODON_CHANGE_PLUS_CODON_INSERTION	MODERATE;MODERATE	subclonal somatic;subclonal somatic	1
POM121L2	G_27278343_A	0.102445000326251	NON_SYNONYMOUS_CODING	MODERATE	germline	1
POSTN	C_38171360_A	0.235239686319155	NON_SYNONYMOUS_CODING	MODERATE	germline	1
POTEG	C_19553740_G	0.822469243071299	NON_SYNONYMOUS_CODING	MODERATE	subclonal somatic	1
PPP1R13B	C_104204050_G	0.363375599670406	NON_SYNONYMOUS_CODING	MODERATE	germline	1
PPP1R3F	C_49126691_G	NA	NON_SYNONYMOUS_CODING	MODERATE	Insufficient local germline VCs	1
PRB1	A_11506919_T	0.99999999999999	NON_SYNONYMOUS_CODING	MODERATE	subclonal somatic	1
PRB2	C_11546721_A	0.999999546999495	NON_SYNONYMOUS_CODING	MODERATE	subclonal somatic	0
PRB4	A_11461385_C;G_11461454_T;G_11461778_A;C_11461798_G;C_11461801_G	0.999999999744031;0.982118996158183;0.983703279366753;1;0.998585993021609	NON_SYNONYMOUS_CODING;NON_SYNONYMOUS_CODING;NON_SYNONYMOUS_CODING;NON_SYNONYMOUS_CODING;NON_SYNONYMOUS_CODING	MODERATE;MODERATE;MODERATE;MODERATE;MODERATE	subclonal somatic;subclonal somatic;subclonal somatic;subclonal somatic;subclonal somatic	0
PRDM9	G_23526994_C	0.999999868212364	NON_SYNONYMOUS_CODING	MODERATE	subclonal somatic	0
PRG4	A_186276981_C;G_186276983_C;G_186277165_C;G_186277277_A	1;1;1;1	NON_SYNONYMOUS_CODING;NON_SYNONYMOUS_CODING;NON_SYNONYMOUS_CODING;NON_SYNONYMOUS_CODING	MODERATE;MODERATE;MODERATE;MODERATE	subclonal somatic;subclonal somatic;subclonal somatic;subclonal somatic	0
PRNP	C_4679910_T	0.911513123846225	NON_SYNONYMOUS_CODING	MODERATE	subclonal somatic	1
PRR21	T_240981394_G	1	NON_SYNONYMOUS_CODING	MODERATE	subclonal somatic	0
PRR4	C_11035015_G	0.999922033229	NON_SYNONYMOUS_CODING	MODERATE	subclonal somatic	1
PRX	C_40902369_G;C_40902575_G	0.999999987863945;0.999999999998726	NON_SYNONYMOUS_CODING;NON_SYNONYMOUS_CODING	MODERATE;MODERATE	subclonal somatic;subclonal somatic	0
PSG8	T_43359781_A	1	EXON	MODIFIER	subclonal somatic	1
QRICH2	A_74288631_T;A_74288671_C;C_74288710_A;A_74288715_C	1;1;1;1	NON_SYNONYMOUS_CODING;NON_SYNONYMOUS_CODING;NON_SYNONYMOUS_CODING;NON_SYNONYMOUS_CODING	MODERATE;MODERATE;MODERATE;MODERATE	subclonal somatic;subclonal somatic;subclonal somatic;subclonal somatic	0
RAG1	T_36597538_C	0.999825357980848	NON_SYNONYMOUS_CODING	MODERATE	subclonal somatic	1
RASSF2	T_4770321_A	0.511627824085636	NON_SYNONYMOUS_CODING	MODERATE	subclonal somatic	1
RBMXL3	A_114425494_G;T_114426047_A	NA	NON_SYNONYMOUS_CODING;NON_SYNONYMOUS_CODING	MODERATE;MODERATE	Insufficient local germline VCs;Insufficient local germline VCs	1
REEP3	T_65369995_A	0.99846439542382	NON_SYNONYMOUS_CODING	MODERATE	subclonal somatic	1
RET	C_43600616_T	0.018185519835121	NON_SYNONYMOUS_CODING	MODERATE	germline	1
RGS19	C_62705328_CAAAAAAAAAA;ACGTGTGTGCG_62705331_A	0.999999962957278;0.999999999845425	FRAME_SHIFT;FRAME_SHIFT	HIGH;HIGH	subclonal somatic;subclonal somatic	1
RIMS2	C_104898073_T	0.0894751393363289	STOP_GAINED	HIGH	germline	1
RP11-1220K2.2	C_141920018_A;G_141920093_C;G_141920097_C;T_141920138_A;G_141920139_C;G_141920186_A	1;0.999999999500935;0.999999999999873;1;0.999999999910655;1	NON_SYNONYMOUS_CODING;NON_SYNONYMOUS_CODING;NON_SYNONYMOUS_CODING;NON_SYNONYMOUS_CODING;NON_SYNONYMOUS_CODING;NON_SYNONYMOUS_CODING	MODERATE;MODERATE;MODERATE;MODERATE;MODERATE;MODERATE	subclonal somatic;subclonal somatic;subclonal somatic;subclonal somatic;subclonal somatic;subclonal somatic	0
RP11-395E19.5	T_40716023_G	0.999999991573919	EXON	MODIFIER	subclonal somatic	0
RP1L1	G_10465449_T;T_10465701_G	0.999934388355742;0.999866925532696	NON_SYNONYMOUS_CODING;NON_SYNONYMOUS_CODING	MODERATE;MODERATE	subclonal somatic;subclonal somatic	0
RPS5	T_58908408_G	0.999921071250151	NON_SYNONYMOUS_CODING	MODERATE	subclonal somatic	1
RPTN	C_152127272_G;T_152127282_G;C_152127317_G;A_152128013_T;T_152128136_G;C_152128354_G;G_152128424_C;T_152128464_G;T_152128468_G;C_152128485_G	0.999999976907047;0.999475567042503;0.999999922142402;0.771232329329538;0.96562108700971;0.898358780167742;0.999999999999645;0.999953552193652;0.388261110552062;0.999999564198452	NON_SYNONYMOUS_CODING;NON_SYNONYMOUS_CODING;NON_SYNONYMOUS_CODING;NON_SYNONYMOUS_CODING;NON_SYNONYMOUS_CODING;NON_SYNONYMOUS_CODING;NON_SYNONYMOUS_CODING;NON_SYNONYMOUS_CODING;NON_SYNONYMOUS_CODING;NON_SYNONYMOUS_CODING	MODERATE;MODERATE;MODERATE;MODERATE;MODERATE;MODERATE;MODERATE;MODERATE;MODERATE;MODERATE	subclonal somatic;subclonal somatic;subclonal somatic;subclonal somatic;subclonal somatic;subclonal somatic;subclonal somatic;subclonal somatic;germline;subclonal somatic	0
RSRC1	A_157823713_C	1	NON_SYNONYMOUS_CODING	MODERATE	subclonal somatic	0
RTN1	C_60072107_A	0.999999976771596	NON_SYNONYMOUS_CODING	MODERATE	subclonal somatic	1
RUNX1	T_36164610_G	0.0954614905446061	NON_SYNONYMOUS_CODING	MODERATE	germline	0
RYR2	G_237947450_T	1	NON_SYNONYMOUS_CODING	MODERATE	subclonal somatic	1
SBSN	T_36018245_G;A_36018318_C;A_36018480_C;T_36018502_G	0.999999984747498;0.999999999999997;1;1	NON_SYNONYMOUS_CODING;NON_SYNONYMOUS_CODING;NON_SYNONYMOUS_CODING;NON_SYNONYMOUS_CODING	MODERATE;MODERATE;MODERATE;MODERATE	subclonal somatic;subclonal somatic;subclonal somatic;subclonal somatic	0
SCNN1A	A_6483993_C	0.961243346411937	NON_SYNONYMOUS_CODING	MODERATE	subclonal somatic	0
SDC3	T_31346080_C	0.0480242087292127	NON_SYNONYMOUS_CODING	MODERATE	germline	1
SEC1P	A_49183302_C	0.999991560233213	EXON	MODIFIER	subclonal somatic	1
SEMG2	C_43851414_A;C_43851460_A	0.915089836283832;0.775231255043879	NON_SYNONYMOUS_CODING;NON_SYNONYMOUS_CODING	MODERATE;MODERATE	subclonal somatic;subclonal somatic	0
SERPINA5	C_95053953_T	0.975313128888728	NON_SYNONYMOUS_CODING	MODERATE	subclonal somatic	1
SFXN5	G_73249665_T	0.999999997355048	NON_SYNONYMOUS_CODING	MODERATE	subclonal somatic	1
SHH	A_155596112_C	0.149485626923121	NON_SYNONYMOUS_CODING	MODERATE	germline	1
SIK3	C_116827730_G	0.0429081900772241	NON_SYNONYMOUS_CODING	MODERATE	germline	1
SIX2	G_45233436_A	0.011565913895092	NON_SYNONYMOUS_CODING	MODERATE	germline	1
SLC12A9	A_100463589_C	0.999999967916427	NON_SYNONYMOUS_CODING	MODERATE	subclonal somatic	0
SLC16A6	C_66270068_A	0.15898851814147	NON_SYNONYMOUS_CODING	MODERATE	germline	1
SLC23A2	G_4893560_T	0.91884850600078	NON_SYNONYMOUS_CODING	MODERATE	subclonal somatic	0
SLC25A37	T_23429091_G	0.996738925144799	NON_SYNONYMOUS_CODING	MODERATE	subclonal somatic	1
SLC30A10	C_220101170_G	0.0219366391569269	NON_SYNONYMOUS_CODING	MODERATE	germline	1
SLC30A8	C_118170024_A	1	STOP_GAINED	HIGH	subclonal somatic	1
SLC34A2	G_25673222_A	0.387452114015931	SPLICE_SITE_ACCEPTOR	HIGH	germline	1
SLC34A3	C_140128627_T	0.934663356266141	NON_SYNONYMOUS_CODING	MODERATE	subclonal somatic	1
SLC37A4	C_118899121_A	0.0483175014997447	NON_SYNONYMOUS_CODING	MODERATE	germline	1
SLC7A14	A_170198447_C	0.400302076061133	NON_SYNONYMOUS_CODING	MODERATE	germline	1
SLFN12	C_33749492_CA	0.73965560601331	FRAME_SHIFT	HIGH	subclonal somatic	1
SOX4	G_21595960_A	0.999999998809725	NON_SYNONYMOUS_CODING	MODERATE	subclonal somatic	1
SPATA31E1	T_90500454_A	0.999965649280385	NON_SYNONYMOUS_CODING	MODERATE	subclonal somatic	1
SPATC1	A_145095790_C	0.334322835421334	NON_SYNONYMOUS_CODING	MODERATE	germline	1
SPDYE1	G_44046934_A	1	NON_SYNONYMOUS_CODING	MODERATE	germline	0
SPEN	A_16256547_C	0.343030024632052	NON_SYNONYMOUS_CODING	MODERATE	germline	1
SPHK2	T_49129565_G	0.999999745307898	NON_SYNONYMOUS_CODING	MODERATE	subclonal somatic	0
SPHKAP	C_228883868_A	0.376216429025213	NON_SYNONYMOUS_CODING	MODERATE	germline	1
SPTA1	C_158612750_T;C_158641924_A	0.195872364668124;0.0552417818560102	NON_SYNONYMOUS_CODING;NON_SYNONYMOUS_CODING	MODERATE;MODERATE	germline;germline	1
ST8SIA1	C_22440210_A	0.125776351536792	NON_SYNONYMOUS_CODING	MODERATE	germline	1
STAB1	T_52538067_G	0.999999945899357	NON_SYNONYMOUS_CODING	MODERATE	subclonal somatic	1
STARD4	C_110840742_CT	0.373235252211	SPLICE_SITE_ACCEPTOR	HIGH	germline	1
STXBP4	A_53158413_G	0.999637825834172	NON_SYNONYMOUS_CODING	MODERATE	subclonal somatic	1
SULT1A2	T_28603671_G	0.961318459614593	NON_SYNONYMOUS_CODING	MODERATE	subclonal somatic	1
SUPT6H	C_27010033_T	1	NON_SYNONYMOUS_CODING	MODERATE	subclonal somatic	1
SZT2	A_43888448_C	0.991021317988029	NON_SYNONYMOUS_CODING	MODERATE	subclonal somatic	1
TAAR6	G_132892164_A	0.130042862285785	NON_SYNONYMOUS_CODING	MODERATE	germline	1
TADA2B	A_7045500_C	0.999996949151628	NON_SYNONYMOUS_CODING	MODERATE	subclonal somatic	1
TAF5L	G_229738355_C	0.689609469532618	NON_SYNONYMOUS_CODING	MODERATE	subclonal somatic	1
TAGLN2	G_159888714_T	0.0433714888081524	NON_SYNONYMOUS_CODING	MODERATE	germline	1
TAS1R1	AGAGGGCTGTCCCTGGC_6635175_A;C_6635192_A	0.0744520999024707;0.0903332727830679	FRAME_SHIFT;NON_SYNONYMOUS_CODING	HIGH;MODERATE	germline;germline	1
TAS2R8	C_10959072_A	0.976924093229478	STOP_GAINED	HIGH	subclonal somatic	1
TAS2R9	G_10962062_T	0.248202072248373	NON_SYNONYMOUS_CODING	MODERATE	germline	1
TAX1BP1	G_27856575_T	0.144995893823626	NON_SYNONYMOUS_CODING	MODERATE	germline	1
TBC1D2B	G_78310277_T	0.999999999729711	NON_SYNONYMOUS_CODING	MODERATE	subclonal somatic	1
TCERG1	G_145826934_A	0.999999999999999	NON_SYNONYMOUS_CODING	MODERATE	subclonal somatic	1
TCHH	T_152081217_G;C_152082257_G;A_152082647_C;G_152082760_C;C_152082770_T;C_152082940_A	0.9999999999564;0.898861269555544;0.988536534058869;0.999997725499168;0.999999271489445;0.99998946941981	NON_SYNONYMOUS_CODING;NON_SYNONYMOUS_CODING;NON_SYNONYMOUS_CODING;NON_SYNONYMOUS_CODING;NON_SYNONYMOUS_CODING;NON_SYNONYMOUS_CODING	MODERATE;MODERATE;MODERATE;MODERATE;MODERATE;MODERATE	subclonal somatic;subclonal somatic;subclonal somatic;subclonal somatic;subclonal somatic;subclonal somatic	0
TDP1	A_90446966_G	0.999999999999999	PROTEIN_STRUCTURAL_INTERACTION_LOCUS	HIGH	subclonal somatic	1
TEKT3	G_15234867_GT	0.858777545832832	FRAME_SHIFT	HIGH	germline	1
TFAP2D	C_50696993_A	0.113048395727577	NON_SYNONYMOUS_CODING	MODERATE	germline	1
TGM4	G_44943406_C	0.999999998093887	NON_SYNONYMOUS_CODING	MODERATE	subclonal somatic	1
TGOLN2	T_85554215_G;A_85554238_C;C_85554239_G;G_85554248_T;A_85554255_C;C_85554298_G;G_85554300_C;G_85554362_T;C_85554443_G;G_85554616_C	1;1;1;1;1;1;1;1;1;1	NON_SYNONYMOUS_CODING;NON_SYNONYMOUS_CODING;NON_SYNONYMOUS_CODING;NON_SYNONYMOUS_CODING;NON_SYNONYMOUS_CODING;NON_SYNONYMOUS_CODING;NON_SYNONYMOUS_CODING;NON_SYNONYMOUS_CODING;NON_SYNONYMOUS_CODING;NON_SYNONYMOUS_CODING	MODERATE;MODERATE;MODERATE;MODERATE;MODERATE;MODERATE;MODERATE;MODERATE;MODERATE;MODERATE	subclonal somatic;subclonal somatic;subclonal somatic;subclonal somatic;subclonal somatic;subclonal somatic;subclonal somatic;subclonal somatic;subclonal somatic;subclonal somatic	0
THBS3	A_155178596_T	0.15116008248905	NON_SYNONYMOUS_START	LOW	germline	1
TMEFF2	C_192863813_T	0.0522163166491438	NON_SYNONYMOUS_CODING	MODERATE	germline	1
TMEM101	T_42091876_C	0.031305344793393	NON_SYNONYMOUS_CODING	MODERATE	germline	1
TMEM145	A_42827936_C	0.985996889339207	NON_SYNONYMOUS_CODING	MODERATE	subclonal somatic	1
TMEM63B	C_44116365_T	0.778257049905127	NON_SYNONYMOUS_CODING	MODERATE	subclonal somatic	1
TNFAIP6	C_152226638_T	0.995986345805165	PROTEIN_STRUCTURAL_INTERACTION_LOCUS	HIGH	subclonal somatic	1
TNFRSF11A	G_60036049_T	0.85536974311958	NON_SYNONYMOUS_CODING	MODERATE	subclonal somatic	1
TNP2	A_11362767_ATT;C_11362775_G	0.999825310333736;0.999930941541055	FRAME_SHIFT;NON_SYNONYMOUS_CODING	HIGH;MODERATE	subclonal somatic;germline	1
TNR	G_175372511_T	0.00973379764208552	NON_SYNONYMOUS_CODING	MODERATE	germline	1
TNS1	C_218713012_T	0.132837162631669	NON_SYNONYMOUS_CODING	MODERATE	germline	1
TNS4	C_38644990_A	0.289107371306182	NON_SYNONYMOUS_CODING	MODERATE	germline	1
TNXB	A_32064775_C	0.999912524102458	NON_SYNONYMOUS_CODING	MODERATE	subclonal somatic	0
TONSL	G_145661968_C	0.0376719760124539	NON_SYNONYMOUS_CODING	MODERATE	germline	1
TP53	AG_7578276_A	0.261386614256724	FRAME_SHIFT	HIGH	clonal somatic	1
TPH1	T_18057638_C	0.641170502462441	NON_SYNONYMOUS_CODING	MODERATE	subclonal somatic	1
TPTE	T_10969121_G	NA	NON_SYNONYMOUS_CODING	MODERATE	Insufficient local germline VCs	1
TRAPPC12	A_3392164_C	0.999824425879369	NON_SYNONYMOUS_CODING	MODERATE	subclonal somatic	0
TRIM49C	C_89774581_G	0.0462152959023188	NON_SYNONYMOUS_CODING	MODERATE	germline	1
TRIOBP	G_38120503_C;G_38120717_C;G_38120740_T;G_38120767_C;G_38120813_C	1;0.974352371381346;0.993833278352902;0.999999999999995;0.999999999999999	NON_SYNONYMOUS_CODING;NON_SYNONYMOUS_CODING;NON_SYNONYMOUS_CODING;NON_SYNONYMOUS_CODING;NON_SYNONYMOUS_CODING	MODERATE;MODERATE;MODERATE;MODERATE;MODERATE	subclonal somatic;subclonal somatic;subclonal somatic;subclonal somatic;subclonal somatic	0
TRIP11	C_92471237_T	0.0856928133562935	NON_SYNONYMOUS_CODING	MODERATE	germline	1
TRO	C_54955914_A	NA	NON_SYNONYMOUS_CODING	MODERATE	Insufficient local germline VCs	1
TRPM6	T_77457180_A	1	NON_SYNONYMOUS_CODING	MODERATE	subclonal somatic	1
TSEN54	C_73517905_T	0.62943828923099	NON_SYNONYMOUS_CODING	MODERATE	subclonal somatic	1
TSPEAR	G_45994825_C	1	NON_SYNONYMOUS_CODING	MODERATE	subclonal somatic	1
TTC16	A_130493204_C;G_130493233_C	0.999999999970552;0.999999999938197	NON_SYNONYMOUS_CODING;NON_SYNONYMOUS_CODING	MODERATE;MODERATE	subclonal somatic;subclonal somatic	0
TTC40	C_134698750_T	0.15932077870151	NON_SYNONYMOUS_CODING	MODERATE	germline	1
TTN	C_179407481_T;T_179586792_A	0.113533237587013;0.10390106391159	NON_SYNONYMOUS_CODING;NON_SYNONYMOUS_CODING	MODERATE;MODERATE	germline;germline	1
TUBGCP6	T_50659567_G;A_50659600_C	0.99999999949636;0.999999999999998	NON_SYNONYMOUS_CODING;NON_SYNONYMOUS_CODING	MODERATE;MODERATE	subclonal somatic;subclonal somatic	0
TXNDC2	G_9887077_C;A_9887091_C;T_9887190_G;A_9887212_C;G_9887256_C;G_9887347_C;A_9887542_C;C_9887564_A;A_9887611_C	1;1;1;1;1;1;1;1;1	NON_SYNONYMOUS_CODING;NON_SYNONYMOUS_CODING;NON_SYNONYMOUS_CODING;NON_SYNONYMOUS_CODING;NON_SYNONYMOUS_CODING;NON_SYNONYMOUS_CODING;NON_SYNONYMOUS_CODING;NON_SYNONYMOUS_CODING;NON_SYNONYMOUS_CODING	MODERATE;MODERATE;MODERATE;MODERATE;MODERATE;MODERATE;MODERATE;MODERATE;MODERATE	subclonal somatic;subclonal somatic;subclonal somatic;subclonal somatic;subclonal somatic;subclonal somatic;subclonal somatic;subclonal somatic;subclonal somatic	0
TYK2	TACCTAGGGGGAGGGGGGCACTCAGGCCACGGGGGGCTGCACTGAGGGCTTGGGGATCAGACCAGGCTGAAGCCCTCACCTGAGACTGAAGGACCCTCTGGGCTCAGTTGGGACCCACCCTTAAGAGCGCAGCCTGAGCGGGGTGATATGCTCATTGGCTAGGCCGCTCATTGGCTAGGCCGGGTTAACCCCGCCCACCAGGCCAAGCCGCACTCTATACACCGCCCCTTGCCTCCATAGGCCCCACCCCCGCACCGCTAGGCCCCGCCGCGCTTCACTGGGATCATGCCCTATCATGATACCCAGCATCCGTCTACTCCACCCTGCCTGTTCCAAGTGACCCCAGCACCCCCTCAGACTGCACCCCGCCTGGTC_10463225_T;CCCTGGGGACGGGGCAGGGCTCGTGAGTTTCAGTGGGGCGGGGTTCGGCCGGGGGCGGCGGCAGGACCTGAGCAGCCAGGAGGGCTGGGGGACAGTCAGGTCAGGCCGGTGGCTACCCGGCCGCTGGAGAGGGCCGGATGGCACGTGGCACCAAGCAAAAGGAGGCTGAGCCAGAAAGCAGGGACGGGGCTAGACGAGCAAAGCTGGGCAGGAGGGCGAGTTGGGAGGGGCCGAGCCGGCTGTGCGTGGTCCCTTGGGAGGAGGGGGTGTGGCCAAGCAAGCCAAACAGTTCGGAGGTCAGTGCAAGGACAAGACAGCCTGGGCAAACGAGCAGGGGCGGAGCGTGAGAGCAGACTGCACCGGATCGCTCAGGCCAGCCCAAGCTGAAGAGGAAGGGGCAAGCTCCAGAAGCAGGGGCGGGGCCGACCAA_10463773_C;TCTGTTGGGAAAGGGACCCAGAGGAGTCAACATCCTCCCCTCGCCCCCAACCCGTTCCCCAAGAGGCAGAGTCAAGTCCCCAGAGTGGACCGCCAGGTGCCCGCTCTTATCAGTTCCATTATACAGATGAGGCAACTGAGGCTCCACAAAGTGGGAGGACGTGCTCACAGCCGTAGAACCAGGACTGGGACCCAGGTCCAGTGATTATGCAGAGCTGGAGTGTCACAGTCAGCCTCCTGCCCCAAGCTTCCCTCCTGCCCCTCCTGTAGACCACAGCTCCTTAATACACTGAAGCCTCAGCCTTTGCACAGGCCATGCACTCTGCCTAGGCTGCCCTTCCTAGCCAGGCTTGTTGGCATAATTCTACACTTAGATAAAACCTCTTCTGGGGCCGGGCACTGTGGCTCATGCCTGTAATCCCAGCACTTTGGGAGGCCGAGGTGGGCGGATCACCTGAGGTCAGGAGTTTGAGACCAGCCTGACCAATATAATGAAACCCCATCTCTACAAAAAATACAAAAATTAGCCGGGTGTGGTGGCATGTGCCTGTAATCCCCCCTACTCGGGAGGCTGAGACAGGAGAATCGCTTGAACCCAGGAGGCAGAGGTTGCAGTGAGCTGAGATCACGCCATTGCATTCCAGCCTGGGCAATTAGAGTGGAACTTCGTCTCAAAATAAAACCACCACACTCATGAACCTCCTTTGGGAAGCCTTGTCTGACCCCACTGCTGGGTGAGGCGCATCCTCAGCCCTTCTTCCCCACTCTGCAGCCTGGGCGTCTCCCATCGCTGCCCTGGTCACTCTGCCTAAAACTGAAATCAAGTCTCTTACTTGCCTTCTGTGTGCCAGGCACAAGTGACTTCCACAAGGACCTAAAAAGGCTGGGACTACATTGAGCCCCAGCGAGTGGCCCACCTGCTGGTAGCCCAGAGAGACTTGAAGTCACGAGGCCAGAAGGGATGCAGCTTTGAGCTCTGATTCTGTCCTCTGGATTTCTTGGAGGGGCCCCCACTGCGGGGAGGGCCCAAGGGTCTCCTAGACATAC_10467394_T;TCTGGGAGGCCAAGGTCAGAGGTCACCAAGGGTGAAAGGAGCAGGGGAAGCCCCCCACTGTGCCCAGGTCCCCTCAGGTACTCAC_10468594_T;GCTGCGGGATCATGTGGCACAGAATACCGCCATGGTGAAAGTTAGCAGCTGATCTCCCAGGGCCCCCAGCACCCACATCCCCAGGGGCCCTGCCCTTGCCCCGGGCCCCTTCCCTGCACCCAC_10472631_G;TCTGGGGGCAGGCATCAAGTCATGGAGGGCGGGCCTGGGGGAGAGATGCCACATCCCACCCAGAGGTCCCCCTATCATCGTAC_10472857_T;GCCTGGCAGGAGGTGGCAGAGGTGGGAGCAGTAAGCAGGGGACCAGGCAGGGAACGTGTCCAGCCCCAGCCCCAGCCCCCAGCCCTGGGCTCA_10473131_G;TCCTGCCAGCCAGGGGCGCATCAGGTGGGTGTCCTCCCAGGCCATGATGGGCCCTAGCCCAGCCCCTACCCTGGGCCTCA_10475446_T;CCCTGAACACCCAGCAAGTGGGGCAGAGGATGGAGAGGGCAATGCCCGTTTATACCTCCTGCACTTTCCCCTGGGGAGAGACTGGAGCCAGAAGGGCCAGGCACCAACCTAGGTTGACCTCCCAAGTCCCAGTGTCACAGGTGGGATGGGGACCCACCCCAAAATCATACACATGCTGGAAGCCGGACCCTTAGGGAAGGCAGAGAGAAGAATCCTGACCCCCTCACACCCAGGTGCCAGTCCCCAGATGAAGGGGTTCCCTGGAGGTGCAGACCCCAGAAATAAGGTCCCCAGGGGGTAAGCAGATGGAGGACCTTCTCCAAGAAACTGGCCCTAGCGGACAGGTGCCCCAGAGCCATGTGGGGAGAGGGCTCAGGTCAGCCACCCTCAGAGGCTAGGGTCAAGGATGAACACAGAAACCCACCCCAGCCCAACCTGAACCCCCAGGGCGGAAGGGGCGCCTTGCTCA_10475723_C;AACCTGCAGGAAGGAGGGACGCAGCTGGGGCTTAGCACAGAGTCAGACCAGCTTCAGCACAGGAGGGGACGAGCTTTGCAAAGGTCTCCACCC_10478876_A	0.999934050378914;0.991309121989484;0.99875696804261;0.999996115959862;0.842619430042831;0.985771002067481;0.892101427610951;0.938655503126998;0.971201673760842;0.289705386417122	FRAME_SHIFT;FRAME_SHIFT;SPLICE_SITE_ACCEPTOR;SPLICE_SITE_ACCEPTOR;SPLICE_SITE_ACCEPTOR;SPLICE_SITE_ACCEPTOR;FRAME_SHIFT;FRAME_SHIFT;FRAME_SHIFT;FRAME_SHIFT	HIGH;HIGH;HIGH;HIGH;HIGH;HIGH;HIGH;HIGH;HIGH;HIGH	subclonal somatic;subclonal somatic;subclonal somatic;subclonal somatic;subclonal somatic;subclonal somatic;subclonal somatic;subclonal somatic;subclonal somatic;germline	0
TYRO3	TGTGAGTACCTGGTGTGGGGGTGGCCAGGAGGAAACGGGTGGGAACACAGGGCCTGGAAAGGCATAGAGACCCTGGCAGAGAGGGGCTTGCTGGGTAGGGCTGATGGAGCTGGGTGGGAGTAGGAGGGGTCTGAGTTTGAATCCTTTTAATCTAGCAGGCTTTCTTTTCTCTCACAAAACCCTGCTGAGAAATATAGGCTGGGCAAGGGCCCTTTCTAGAGGGAGGGACTTGTGGAGCCCCAGGGTGGGGGAGTCTCGTCTTCCAGGCTCCCTCTTAGGCTAGCCGAAGCTTCCTTGCCTTGGGAAGGCCCTCCATCCCCTTCCTTCCTTCCAGTGATTCTGGGGACAGCCTTCAGGCTTTCTGGCCAGGGACCCCCATCCATCCTGCCCCAGCTGGGTGGGCAGGTTAAGCCTGAGCTTGGCCTGTCTGTCCACTAG_41864762_T	1	SPLICE_SITE_ACCEPTOR	HIGH	subclonal somatic	0
UBAC2	A_99853688_G	0.0744287049269001	NON_SYNONYMOUS_CODING	MODERATE	germline	1
UBR7	CT_93685666_C	0.999999999959066	FRAME_SHIFT	HIGH	subclonal somatic	1
UBXN6	AGGCGGCCACTGGGT_4448385_A;G_4448401_GAATCAAAAAAAAAA	0.997703083723957;0.998878223763021	FRAME_SHIFT;FRAME_SHIFT	HIGH;HIGH	subclonal somatic;subclonal somatic	1
UCKL1	A_62577851_C	0.99999993761334	NON_SYNONYMOUS_CODING	MODERATE	subclonal somatic	1
UGT2B11	T_70074193_C	1	NON_SYNONYMOUS_CODING	MODERATE	subclonal somatic	1
UNC5C	C_96137342_A	0.270660446347271	NON_SYNONYMOUS_CODING	MODERATE	germline	1
UQCRB	G_97243640_C	0.83466268906669	NON_SYNONYMOUS_CODING	MODERATE	subclonal somatic	1
USH1C	G_17531093_C	0.0600660197657568	NON_SYNONYMOUS_CODING	MODERATE	germline	1
USP49	T_41766431_TCCCCC	0.999999848724718	FRAME_SHIFT	HIGH	subclonal somatic	1
WDPCP	T_63401874_A	0.994661749124153	NON_SYNONYMOUS_CODING	MODERATE	subclonal somatic	1
WDR17	G_177046446_T;G_177046455_A	0.414577293006761;0.748167869301284	NON_SYNONYMOUS_CODING;NON_SYNONYMOUS_CODING	MODERATE;MODERATE	germline;germline	1
WDR26	G_224581601_A	0.0377717224514267	NON_SYNONYMOUS_CODING	MODERATE	germline	1
WDR33	C_128480877_T	1	NON_SYNONYMOUS_CODING	MODERATE	subclonal somatic	1
WDR63	C_85551614_A	0.0606081532876273	NON_SYNONYMOUS_CODING	MODERATE	germline	1
WNK2	C_96021505_G	0.97387186843639	NON_SYNONYMOUS_CODING	MODERATE	subclonal somatic	1
WTIP	C_34991159_G	1	NON_SYNONYMOUS_CODING	MODERATE	subclonal somatic	1
XPO4	T_21370289_C	0.656287399147818	NON_SYNONYMOUS_CODING	MODERATE	subclonal somatic	1
ZAN	G_100349776_C;G_100349797_C;G_100350146_C;G_100391524_A	0.925451747642197;0.988485956089637;0.999999988376205;0.116135919136176	NON_SYNONYMOUS_CODING;NON_SYNONYMOUS_CODING;NON_SYNONYMOUS_CODING;NON_SYNONYMOUS_CODING	MODERATE;MODERATE;MODERATE;MODERATE	subclonal somatic;subclonal somatic;subclonal somatic;germline	0
ZBTB7C	T_45567075_TG	0.916261840121209	FRAME_SHIFT	HIGH	subclonal somatic	0
ZCCHC16	G_111698661_T	NA	NON_SYNONYMOUS_CODING	MODERATE	Insufficient local germline VCs	1
ZFAT	AGCGAGTG_135615105_A;T_135615115_TAAAAAAA	0.999998884956811;0.999999614561183	FRAME_SHIFT;FRAME_SHIFT	HIGH;HIGH	subclonal somatic;subclonal somatic	1
ZFHX2	C_24002242_T	0.882022431104487	NON_SYNONYMOUS_CODING	MODERATE	subclonal somatic	1
ZIK1	A_58102244_C	0.357520256974081	NON_SYNONYMOUS_CODING	MODERATE	germline	1
ZKSCAN8	C_28121286_G	0.999999999907961	NON_SYNONYMOUS_CODING	MODERATE	subclonal somatic	1
ZMIZ1	A_81063856_G	0.104902913542834	NON_SYNONYMOUS_CODING	MODERATE	germline	1
ZMYND15	A_4648613_C;A_4648618_C	0.999999626746813;0.999999889115064	NON_SYNONYMOUS_CODING;NON_SYNONYMOUS_CODING	MODERATE;MODERATE	subclonal somatic;subclonal somatic	1
ZNF100	C_21909852_A	0.609363202026745	NON_SYNONYMOUS_CODING	MODERATE	subclonal somatic	0
ZNF107	G_64168723_C	0.999988817512837	NON_SYNONYMOUS_CODING	MODERATE	subclonal somatic	0
ZNF117	C_64438941_A;G_64438983_T	0.999999999973345;0.999999659727401	NON_SYNONYMOUS_CODING;NON_SYNONYMOUS_CODING	MODERATE;MODERATE	subclonal somatic;subclonal somatic	0
ZNF169	C_97063140_A	0.999253229406097	NON_SYNONYMOUS_CODING	MODERATE	subclonal somatic	1
ZNF180	T_45004271_C	0.401803041850004	NON_SYNONYMOUS_CODING	MODERATE	germline	1
ZNF208	T_22154623_G;G_22156484_T	0.115485380694812;0.131753439572697	NON_SYNONYMOUS_CODING;NON_SYNONYMOUS_CODING	MODERATE;MODERATE	germline;germline	0
ZNF235	G_44791815_T	0.999997815877558	NON_SYNONYMOUS_CODING	MODERATE	subclonal somatic	0
ZNF253	G_20002885_C	0.1185025574939	NON_SYNONYMOUS_CODING	MODERATE	germline	1
ZNF257	G_22271297_C	0.178786441644289	NON_SYNONYMOUS_CODING	MODERATE	germline	1
ZNF3	G_99669169_T	0.801905889029229	NON_SYNONYMOUS_CODING	MODERATE	subclonal somatic	0
ZNF304	G_57868805_T	0.999962965804953	NON_SYNONYMOUS_CODING	MODERATE	subclonal somatic	1
ZNF317	G_9271790_A	0.883573000860817	NON_SYNONYMOUS_CODING	MODERATE	subclonal somatic	1
ZNF419	A_58005340_G	0.184538725498861	NON_SYNONYMOUS_CODING	MODERATE	germline	0
ZNF425	T_148801198_C	0.520136163945352	NON_SYNONYMOUS_CODING	MODERATE	germline	1
ZNF428	C_44117610_A;T_44117635_A;C_44117646_A;C_44117682_A;G_44117738_C;A_44117752_C;C_44117867_G;A_44117892_C;G_44117941_T;G_44117989_T	0.999997412598497;0.999999930503644;0.999999983930264;0.905405334765343;0.999999997476312;0.9999992689696;1;0.999999973572267;0.999999995720752;1	NON_SYNONYMOUS_CODING;NON_SYNONYMOUS_CODING;NON_SYNONYMOUS_CODING;NON_SYNONYMOUS_CODING;NON_SYNONYMOUS_CODING;NON_SYNONYMOUS_CODING;NON_SYNONYMOUS_CODING;NON_SYNONYMOUS_CODING;NON_SYNONYMOUS_CODING;NON_SYNONYMOUS_CODING	MODERATE;MODERATE;MODERATE;MODERATE;MODERATE;MODERATE;MODERATE;MODERATE;MODERATE;MODERATE	subclonal somatic;subclonal somatic;subclonal somatic;subclonal somatic;subclonal somatic;subclonal somatic;subclonal somatic;subclonal somatic;subclonal somatic;subclonal somatic	0
ZNF429	T_21720133_A	0.256502607222728	NON_SYNONYMOUS_CODING	MODERATE	germline	0
ZNF43	G_21990645_T;T_21990775_G	0.117580106715961;0.132498875842531	NON_SYNONYMOUS_CODING;NON_SYNONYMOUS_CODING	MODERATE;MODERATE	germline;germline	0
ZNF430	G_21240340_C;G_21240376_T;C_21240411_G	0.299541368200733;0.120012886087231;0.689906721933172	NON_SYNONYMOUS_CODING;NON_SYNONYMOUS_CODING;NON_SYNONYMOUS_CODING	MODERATE;MODERATE;MODERATE	germline;germline;subclonal somatic	0
ZNF433	C_12125778_A;C_12125861_A;C_12125911_T	1;0.999999193348575;0.999999193348575	NON_SYNONYMOUS_CODING;NON_SYNONYMOUS_CODING;NON_SYNONYMOUS_CODING	MODERATE;MODERATE;MODERATE	subclonal somatic;subclonal somatic;subclonal somatic	0
ZNF438	T_31138892_C	0.158624288015467	NON_SYNONYMOUS_CODING	MODERATE	germline	1
ZNF460	A_57802687_C	0.999987730233655	NON_SYNONYMOUS_CODING	MODERATE	subclonal somatic	1
ZNF469	T_88496783_G	0.999811266293088	NON_SYNONYMOUS_CODING	MODERATE	subclonal somatic	0
ZNF470	C_57088341_T	0.967555625950112	NON_SYNONYMOUS_CODING	MODERATE	subclonal somatic	1
ZNF492	G_22847792_C	0.182585280885983	NON_SYNONYMOUS_CODING	MODERATE	germline	1
ZNF493	C_21606958_A;G_21606975_C	0.129310980605477;0.19182066528939	NON_SYNONYMOUS_CODING;NON_SYNONYMOUS_CODING	MODERATE;MODERATE	germline;germline	0
ZNF530	T_58118377_A	0.999916003586485	NON_SYNONYMOUS_CODING	MODERATE	subclonal somatic	0
ZNF534	C_52942223_A;G_52942253_T;G_52942311_T;T_52942605_A	0.999999819357567;0.99999980456637;0.999939017863561;0.999967457750671	NON_SYNONYMOUS_CODING;NON_SYNONYMOUS_CODING;NON_SYNONYMOUS_CODING;NON_SYNONYMOUS_CODING	MODERATE;MODERATE;MODERATE;MODERATE	subclonal somatic;subclonal somatic;subclonal somatic;subclonal somatic	0
ZNF543	G_57840470_T	0.529760894328844	NON_SYNONYMOUS_CODING	MODERATE	subclonal somatic	1
ZNF564	A_12638028_T	0.954348471357215	NON_SYNONYMOUS_CODING	MODERATE	subclonal somatic	1
ZNF589	C_48310103_G	0.999995650887254	NON_SYNONYMOUS_CODING	MODERATE	subclonal somatic	0
ZNF627	T_11728410_A	0.959109176799724	NON_SYNONYMOUS_CODING	MODERATE	subclonal somatic	0
ZNF629	T_30794785_G	0.99980223074092	NON_SYNONYMOUS_CODING	MODERATE	subclonal somatic	0
ZNF675	G_23836655_T;C_23836740_A	0.147818262069972;0.143728914619596	NON_SYNONYMOUS_CODING;NON_SYNONYMOUS_CODING	MODERATE;MODERATE	germline;germline	0
ZNF678	T_227842503_A;C_227842915_A	0.999999999871413;0.999998466755351	NON_SYNONYMOUS_CODING;NON_SYNONYMOUS_CODING	MODERATE;MODERATE	subclonal somatic;subclonal somatic	1
ZNF679	G_63726733_C	0.999999999993191	NON_SYNONYMOUS_CODING	MODERATE	subclonal somatic	1
ZNF681	G_23927085_T;C_23927111_A	0.133783072087819;0.153804768119291	NON_SYNONYMOUS_CODING;NON_SYNONYMOUS_CODING	MODERATE;MODERATE	germline;germline	0
ZNF716	G_57529187_T	1	NON_SYNONYMOUS_CODING	MODERATE	subclonal somatic	1
ZNF721	G_436257_T;T_436563_G	0.983052007785921;0.999507655997892	NON_SYNONYMOUS_CODING;NON_SYNONYMOUS_CODING	MODERATE;MODERATE	subclonal somatic;subclonal somatic	0
ZNF726	G_24115772_C	0.458357329886476	NON_SYNONYMOUS_CODING	MODERATE	germline	0
ZNF728	G_23159228_C;G_23159237_T;C_23159253_A;C_23159309_A	0.127324798463429;0.113475932519837;0.177861078487344;0.247139629619092	NON_SYNONYMOUS_CODING;NON_SYNONYMOUS_CODING;NON_SYNONYMOUS_CODING;NON_SYNONYMOUS_CODING	MODERATE;MODERATE;MODERATE;MODERATE	germline;germline;germline;germline	0
ZNF729	C_22499201_A	0.136196091063454	STOP_GAINED	HIGH	germline	0
ZNF733P	C_62752705_A	0.999997508310855	EXON	MODIFIER	subclonal somatic	0
ZNF737	C_20728011_A	0.151978760476937	NON_SYNONYMOUS_CODING	MODERATE	germline	0
ZNF761	T_53959394_A	0.86820637642462	NON_SYNONYMOUS_CODING	MODERATE	subclonal somatic	1
ZNF765	G_53911905_A	0.986067506333268	NON_SYNONYMOUS_CODING	MODERATE	subclonal somatic	1
ZNF776	C_58265467_A	0.999995154021132	NON_SYNONYMOUS_CODING	MODERATE	subclonal somatic	1
ZNF780A	C_40580615_A	0.999838225552919	NON_SYNONYMOUS_CODING	MODERATE	subclonal somatic	1
ZNF787	T_56600395_G	0.999979596713925	NON_SYNONYMOUS_CODING	MODERATE	subclonal somatic	1
ZNF814	G_58384415_T	0.99999097924494	NON_SYNONYMOUS_CODING	MODERATE	subclonal somatic	0
ZNF816	G_53453379_A	0.578265902953774	NON_SYNONYMOUS_CODING	MODERATE	subclonal somatic	1
ZNF841	C_52569365_A	0.999999877021931	NON_SYNONYMOUS_CODING	MODERATE	subclonal somatic	0
ZNF844	G_12187334_C	0.999901150992214	NON_SYNONYMOUS_CODING	MODERATE	subclonal somatic	1
ZNF850	C_37239370_G;G_37239497_T;G_37239526_T;G_37239528_T;C_37239751_A;C_37240258_G;G_37240549_T;C_37240648_A;G_37241014_C;T_37241655_C	0.994015597058555;0.999972413211404;0.721778194821763;0.981825989822801;0.999999876109692;0.991078142448483;0.999816951854821;0.999999744334027;0.998549956976812;0.862764273650342	NON_SYNONYMOUS_CODING;STOP_GAINED;NON_SYNONYMOUS_CODING;NON_SYNONYMOUS_CODING;NON_SYNONYMOUS_CODING;NON_SYNONYMOUS_CODING;NON_SYNONYMOUS_CODING;NON_SYNONYMOUS_CODING;NON_SYNONYMOUS_CODING;NON_SYNONYMOUS_CODING	MODERATE;HIGH;MODERATE;MODERATE;MODERATE;MODERATE;MODERATE;MODERATE;MODERATE;MODERATE	subclonal somatic;subclonal somatic;subclonal somatic;subclonal somatic;subclonal somatic;subclonal somatic;subclonal somatic;subclonal somatic;subclonal somatic;subclonal somatic	0
ZNF880	A_52888517_C	0.146657111105985	NON_SYNONYMOUS_CODING	MODERATE	germline	1
ZNF90	C_20229964_A	0.33424732765327	NON_SYNONYMOUS_CODING	MODERATE	germline	0
ZNF91	G_23542743_T;C_23543832_A	0.39153187853429;0.106323834612917	NON_SYNONYMOUS_CODING;NON_SYNONYMOUS_CODING	MODERATE;MODERATE	germline;germline	1
ZNF93	A_20044594_T	0.234778277384721	NON_SYNONYMOUS_CODING	MODERATE	germline	1
ZNF99	G_22941153_T;G_22941405_T	0.820509935170316;0.112621695687643	NON_SYNONYMOUS_CODING;NON_SYNONYMOUS_CODING	MODERATE;MODERATE	subclonal somatic;germline	0
ZP1	A_60640853_G	0.314964519625527	NON_SYNONYMOUS_CODING	MODERATE	germline	1
NA	G_664652_A;C_16973009_T;G_16974686_T;A_16974978_G;G_16976122_A;G_101988984_T;T_101988995_G;T_11804684_G;C_124455170_A;T_124455291_G;C_124455469_A;A_124455597_C;T_124455732_G	NA	EXON;EXON;EXON;EXON;EXON;NON_SYNONYMOUS_CODING;NON_SYNONYMOUS_CODING;EXON;NON_SYNONYMOUS_CODING;NON_SYNONYMOUS_CODING;NON_SYNONYMOUS_CODING;NON_SYNONYMOUS_CODING;NON_SYNONYMOUS_CODING	MODIFIER;MODIFIER;MODIFIER;MODIFIER;MODIFIER;MODERATE;MODERATE;MODIFIER;MODERATE;MODERATE;MODERATE;MODERATE;MODERATE	germline;germline;germline;subclonal somatic;subclonal somatic;subclonal somatic;subclonal somatic;subclonal somatic;Insufficient local germline VCs;Insufficient local germline VCs;Insufficient local germline VCs;Insufficient local germline VCs;Insufficient local germline VCs	1
